#Datum,Uhrzeit,WR,Pac,DaySum,Status,Error,Pdc1,Pdc2,Pdc3,Udc1,Udc2,Udc3,Uac,WR,Pac,DaySum,Status,Error,Pdc1,Pdc2,Pdc3,Udc1,Udc2,Udc3,Uac,WR,Pac,DaySum,Status,Error,Pdc1,Pdc2,Pdc3,Udc1,Udc2,Udc3,Uac,WR,Pac,DaySum,Status,Error,Pdc1,Pdc2,Udc1,Udc2,Uac,WR,Pac,DaySum,Status,Error,Pdc1,Pdc2,Udc1,Udc2,Uac,WR,Pac,DaySum,Status,Error,Pdc1,Pdc2,Udc1,Udc2,Uac,WR,Pac,DaySum,Status,Error,Pdc1,Pdc2,Udc1,Udc2,Uac,WR,Pac,DaySum,Status,Error,Pdc1,Pdc2,Udc1,Udc2,Uac,WR,Pac,DaySum,Status,Error,Pdc1,Pdc2,Udc1,Udc2,Uac,WR,Pac,DaySum,Status,Error,Pdc1,Pdc2,Udc1,Udc2,Temp,Uac
14.08.16,19:45:00,1,0,14631,1,0,0,0,1,260,260,260,0,2,0,14446,1,0,0,0,0,247,247,247,0,3,0,14533,1,0,0,0,0,227,227,227,0,4,0,19803,1,0,8,0,364,364,0,5,0,12750,1,0,0,0,343,343,0,6,0,12759,0,0,0,0,322,322,0,7,0,12913,1,0,0,2,338,338,0,8,0,19623,1,0,5,5,364,364,0,9,0,9446,0,0,0,0,203,203,0,10,0,11730,7,0,0,0,264,216,23,228
14.08.16,19:40:00,1,0,14631,1,0,0,0,2,323,320,323,0,2,0,14446,1,0,0,0,0,323,311,318,0,3,0,14533,1,0,0,0,0,298,299,296,0,4,0,19803,1,0,10,0,441,440,0,5,0,12750,1,0,0,0,448,448,0,6,0,12759,1,0,0,0,446,446,0,7,0,12913,1,0,0,3,439,439,0,8,0,19623,1,0,7,7,447,447,3,9,0,9446,1,0,0,0,329,329,0,10,0,11730,7,0,0,0,331,231,23,229
14.08.16,19:35:00,1,2,14631,1,0,2,2,6,280,265,297,127,2,1,14446,1,0,1,2,2,292,270,273,103,3,1,14533,1,0,1,1,1,305,311,298,57,4,5,19803,1,0,20,3,449,452,183,5,0,12750,1,0,1,1,429,443,69,6,1,12759,1,0,3,3,456,329,184,7,2,12913,1,0,3,8,402,415,115,8,6,19623,3,0,18,10,442,484,230,9,0,9446,1,0,3,2,328,270,115,10,0,11730,7,0,3,2,335,228,24,229
14.08.16,19:30:00,1,11,14631,3,0,9,7,11,253,199,226,231,2,10,14446,3,0,6,8,9,225,188,207,230,3,11,14533,3,0,9,9,8,257,245,199,230,4,23,19803,3,0,35,11,424,420,229,5,9,12750,3,0,6,10,308,355,231,6,10,12759,3,0,12,7,384,335,231,7,11,12913,3,0,11,15,338,366,231,8,24,19623,3,0,31,18,438,468,230,9,5,9446,3,0,9,7,263,215,230,10,8,11730,1,0,18,14,300,200,25,230
14.08.16,19:25:00,1,22,14631,3,0,11,12,16,220,218,255,231,2,22,14446,3,0,10,12,15,233,207,251,231,3,23,14533,3,0,12,14,13,238,259,225,230,4,43,19802,3,0,48,18,438,392,229,5,20,12750,3,0,11,15,339,374,231,6,21,12759,3,0,18,14,372,355,231,7,20,12913,3,0,16,19,328,334,231,8,45,19622,3,0,46,25,427,466,231,9,13,9446,3,0,13,12,266,246,230,10,19,11730,1,0,24,17,304,203,25,230
14.08.16,19:20:00,1,35,14630,3,0,15,18,20,222,293,240,231,2,32,14445,3,0,11,18,20,186,225,250,231,3,38,14531,3,0,15,20,20,212,291,263,230,4,64,19798,3,0,61,26,441,433,229,5,30,12749,3,0,17,22,343,378,231,6,33,12758,3,0,23,20,362,383,231,7,30,12912,3,0,21,25,317,335,231,8,64,19618,3,0,60,33,444,474,231,9,22,9446,3,0,19,16,293,262,230,10,29,11729,1,0,30,20,310,204,25,230
14.08.16,19:15:00,1,51,14627,3,0,18,24,28,228,311,290,231,2,48,14442,3,0,16,26,26,214,268,263,231,3,55,14528,3,0,21,27,26,241,293,319,230,4,85,19792,3,0,76,34,432,485,229,5,40,12747,3,0,22,26,361,375,231,6,43,12755,3,0,29,25,377,364,231,7,36,12910,3,0,23,29,284,330,231,8,81,19613,3,0,71,38,453,486,231,9,29,9445,3,0,23,19,307,240,230,10,38,11727,1,0,36,24,348,206,25,230
14.08.16,19:10:00,1,67,14622,3,0,27,28,32,312,288,291,231,2,63,14438,3,0,22,31,31,252,297,293,231,3,68,14523,3,0,26,32,30,270,328,341,231,4,105,19785,3,0,87,42,406,458,229,5,54,12743,3,0,28,34,397,412,231,6,56,12751,3,0,36,31,410,398,231,7,56,12906,3,0,34,39,385,402,231,8,102,19606,3,0,86,47,441,481,231,9,41,9442,3,0,29,25,336,285,230,10,48,11724,1,0,44,26,348,219,25,230
14.08.16,19:05:00,1,96,14617,3,0,37,38,44,326,312,338,231,2,91,14433,3,0,31,41,42,283,350,326,231,3,97,14518,3,0,36,42,40,292,346,322,230,4,149,19776,3,0,118,56,454,490,229,5,78,12739,3,0,39,45,427,445,231,6,80,12746,3,0,49,45,441,436,230,7,79,12902,3,0,45,52,388,431,231,8,139,19597,3,0,112,60,459,480,231,9,55,9439,3,0,37,34,305,290,230,10,72,11720,1,0,56,35,350,238,26,230
14.08.16,19:00:00,1,150,14608,3,0,51,60,69,328,313,373,231,2,156,14425,3,0,50,66,68,356,376,371,231,3,168,14509,3,0,58,70,69,339,355,345,230,4,250,19763,3,0,185,95,485,475,229,5,114,12732,3,0,59,67,438,458,231,6,121,12740,3,0,71,66,465,486,231,7,120,12895,3,0,67,75,429,464,231,8,204,19585,3,0,158,83,471,503,231,9,87,9434,3,0,55,51,341,332,230,10,105,11713,1,0,78,45,361,240,26,230
14.08.16,18:55:00,1,150,14596,3,0,58,56,66,342,280,326,231,2,156,14411,3,0,53,65,66,339,343,347,231,3,157,14495,3,0,58,64,62,319,317,307,230,4,241,19743,3,0,181,90,479,464,229,5,124,12722,3,0,64,73,415,453,231,6,130,12729,3,0,75,72,437,452,231,7,129,12885,3,0,73,80,404,440,231,8,220,19568,3,0,169,90,447,500,231,9,97,9427,3,0,61,56,338,320,230,10,120,11704,1,0,87,50,357,240,26,230
14.08.16,18:50:00,1,181,14583,3,0,69,68,76,327,297,324,231,2,185,14398,3,0,63,75,76,349,348,339,231,3,185,14482,3,0,69,76,69,344,348,294,230,4,280,19722,3,0,208,103,478,489,229,5,152,12712,3,0,80,86,439,430,231,6,158,12718,3,0,87,88,428,459,231,7,162,12874,3,0,90,96,430,466,231,8,263,19549,3,0,198,106,442,475,231,9,121,9419,3,0,73,68,352,336,230,10,148,11694,1,0,104,60,357,241,26,230
14.08.16,18:45:00,1,243,14568,3,0,88,92,99,347,335,354,231,2,242,14383,3,0,81,95,98,355,365,353,231,3,249,14466,3,0,89,98,95,367,376,352,230,4,363,19699,3,0,267,133,487,491,229,5,205,12699,3,0,105,114,474,493,231,6,210,12705,3,0,118,114,506,454,230,7,213,12860,3,0,117,123,467,495,230,8,343,19527,3,0,256,133,492,488,231,9,159,9408,3,0,93,88,366,354,230,10,191,11682,1,0,130,75,362,245,27,230
14.08.16,18:40:00,1,303,14547,3,0,100,110,135,374,368,367,231,2,321,14362,3,0,95,132,135,357,373,367,231,3,352,14445,3,0,125,135,133,375,374,369,230,4,505,19668,3,0,364,183,496,496,229,5,253,12682,3,0,129,141,511,505,231,6,267,12687,3,0,146,144,512,469,231,7,265,12842,3,0,143,150,498,495,231,8,433,19498,3,0,317,167,493,494,231,9,205,9395,3,0,116,114,379,360,230,10,225,11666,1,0,155,84,367,252,27,230
14.08.16,18:35:00,1,289,14522,3,0,100,106,122,368,357,364,231,2,291,14335,3,0,91,120,121,341,356,349,231,3,313,14415,3,0,111,122,120,356,375,358,230,4,453,19625,3,0,328,167,496,496,229,5,240,12660,3,0,124,134,463,468,230,6,250,12664,3,0,141,134,488,444,230,7,252,12820,3,0,138,144,471,468,231,8,409,19462,3,0,303,158,491,516,231,9,192,9378,3,0,111,106,365,354,230,10,218,11647,1,0,149,83,364,248,27,230
14.08.16,18:30:00,1,288,14498,3,0,105,109,117,370,365,377,231,2,284,14311,3,0,95,113,116,353,350,363,231,3,293,14390,3,0,106,116,113,353,373,358,230,4,431,19588,3,0,313,158,502,498,229,5,247,12640,3,0,127,137,455,481,231,6,255,12644,3,0,142,137,497,468,231,7,258,12799,3,0,142,146,476,487,231,8,411,19428,3,0,306,157,495,508,231,9,191,9362,3,0,111,104,368,344,230,10,224,11629,1,0,152,86,363,247,27,230
14.08.16,18:25:00,1,420,14473,3,0,124,155,189,378,382,363,231,2,435,14288,3,0,113,183,191,375,359,368,231,3,508,14365,3,0,177,191,191,362,369,366,231,4,724,19552,3,0,513,259,509,502,229,5,360,12620,3,0,190,204,480,495,231,6,386,12623,3,0,211,208,499,493,231,7,388,12777,3,0,212,216,490,498,231,8,619,19393,3,0,458,234,499,506,231,9,299,9346,3,0,171,162,373,362,230,10,327,11610,1,0,218,122,369,249,28,230
14.08.16,18:20:00,1,429,14438,3,0,147,161,172,375,372,359,231,2,421,14251,3,0,134,167,170,364,365,367,231,3,448,14323,3,0,155,171,169,367,373,371,230,4,640,19491,3,0,453,229,506,498,229,5,368,12589,3,0,193,202,489,486,231,6,381,12590,3,0,208,206,510,505,231,7,378,12745,3,0,207,211,505,480,231,8,592,19342,3,0,442,227,505,515,231,9,282,9321,3,0,161,155,370,368,230,10,337,11583,1,0,228,127,370,250,28,230
14.08.16,18:15:00,1,461,14402,3,0,166,171,180,377,368,368,231,2,460,14215,3,0,158,175,179,364,366,372,231,3,467,14284,3,0,165,177,176,373,373,371,230,4,667,19437,3,0,472,240,499,502,229,5,391,12558,3,0,205,215,489,489,231,6,402,12558,3,0,219,218,497,502,230,7,397,12712,3,0,218,221,498,456,231,8,622,19291,3,0,464,240,500,494,231,9,297,9296,3,0,169,164,376,369,230,10,376,11555,1,0,245,139,366,247,29,230
14.08.16,18:10:00,1,581,14364,3,0,186,222,237,383,379,379,231,2,583,14177,3,0,171,233,235,380,377,382,231,3,635,14246,3,0,219,236,235,373,387,380,231,4,892,19382,3,0,630,314,512,513,229,5,507,12525,3,0,266,274,505,504,231,6,516,12524,3,0,278,277,504,505,231,7,520,12679,3,0,283,284,502,491,231,8,810,19239,3,0,595,302,511,512,231,9,388,9272,3,0,218,211,378,372,230,10,490,11523,1,0,325,181,376,254,29,230
14.08.16,18:05:00,1,597,14313,3,0,200,222,234,380,372,376,231,2,592,14126,3,0,190,230,234,378,372,378,231,3,623,14190,3,0,216,232,232,376,373,373,230,4,868,19304,3,0,619,317,504,507,229,5,506,12481,3,0,266,275,493,476,231,6,522,12479,3,0,283,284,493,495,231,7,523,12634,3,0,283,289,493,496,231,8,809,19169,3,0,598,307,500,495,231,9,389,9238,3,0,217,213,378,376,230,10,491,11482,1,0,322,183,373,253,29,230
14.08.16,18:00:00,1,563,14264,3,0,203,204,212,378,376,381,231,2,552,14078,3,0,193,207,211,371,370,379,231,3,558,14140,3,0,194,210,207,382,374,374,230,4,779,19234,3,0,555,281,505,507,229,5,485,12440,3,0,252,263,506,488,231,6,491,12437,3,0,267,265,494,494,231,7,494,12592,3,0,266,273,497,500,231,8,757,19104,3,0,561,287,506,501,231,9,362,9207,3,0,203,198,382,371,230,10,453,11441,1,0,296,169,369,251,29,230
14.08.16,17:55:00,1,567,14218,3,0,205,205,213,379,379,386,231,2,557,14033,3,0,196,208,211,382,371,380,231,3,558,14094,3,0,195,209,206,380,387,383,230,4,780,19170,3,0,554,283,504,508,229,5,495,12400,3,0,258,269,498,490,231,6,501,12397,3,0,273,270,512,503,230,7,504,12551,3,0,272,279,490,504,231,8,770,19041,3,0,570,292,505,497,231,9,367,9177,3,0,206,201,382,383,230,10,455,11404,1,0,298,170,368,250,29,230
14.08.16,17:50:00,1,646,14170,3,0,217,241,251,372,370,374,231,2,626,13986,3,0,195,245,249,379,365,374,231,3,649,14047,3,0,212,248,246,358,375,366,230,4,623,19104,3,0,449,220,568,578,171,5,551,12359,3,0,288,301,488,503,231,6,568,12355,3,0,309,308,506,499,230,7,558,12509,3,0,307,314,498,500,231,8,880,18976,3,0,649,331,506,510,231,9,422,9146,3,0,236,231,368,371,230,10,508,11366,1,0,336,191,371,252,30,230
14.08.16,17:45:00,1,666,14116,3,0,215,251,261,385,375,381,231,2,641,13933,3,0,186,256,260,383,369,374,231,3,677,13992,3,0,217,261,260,371,380,376,230,4,791,19040,1,9,537,301,524,529,194,5,578,12312,3,0,302,311,509,516,231,6,592,12306,3,0,319,317,511,508,230,7,590,12461,3,0,318,321,507,479,231,8,916,18902,3,0,673,344,505,509,231,9,439,9110,3,0,247,241,376,372,229,10,513,11323,1,0,340,191,371,254,30,230
14.08.16,17:40:00,1,845,14061,3,0,277,315,326,369,376,377,231,2,816,13880,3,0,244,317,324,379,371,377,230,3,848,13936,3,0,271,321,323,372,373,371,230,4,1208,18977,3,0,814,447,508,511,229,5,734,12264,3,0,383,395,505,508,231,6,750,12258,3,0,404,401,520,493,231,7,750,12412,3,0,401,407,500,492,231,8,1156,18826,3,0,838,428,508,514,231,9,557,9074,3,0,308,305,376,378,230,10,677,11280,1,0,440,255,372,253,30,230
14.08.16,17:35:00,1,548,13990,3,0,199,201,209,362,361,371,231,2,545,13812,3,0,194,202,207,362,362,369,230,3,545,13866,3,0,193,204,203,370,361,362,230,4,761,18876,3,0,509,291,494,502,229,5,472,12203,3,0,247,258,490,491,230,6,483,12195,3,0,263,261,502,493,230,7,487,12349,3,0,264,271,485,489,230,8,752,18729,3,0,556,285,498,505,230,9,358,9028,3,0,202,196,368,363,230,10,437,11224,1,0,286,165,362,246,30,230
14.08.16,17:30:00,1,635,13945,3,0,226,230,238,359,363,370,231,2,620,13768,3,0,211,233,236,371,366,371,231,3,627,13821,3,0,214,236,233,370,376,370,230,4,881,18814,3,0,585,329,501,508,229,5,555,12164,3,0,290,301,495,501,231,6,558,12155,3,0,305,301,501,499,231,7,568,12309,3,0,306,310,499,495,230,8,869,18668,3,0,638,325,499,500,231,9,413,8998,3,0,231,225,366,369,230,10,498,11187,1,0,325,186,367,248,30,230
14.08.16,17:25:00,1,779,13891,3,0,278,280,290,370,370,374,231,2,768,13715,3,0,266,282,287,374,372,376,231,3,770,13768,3,0,264,285,284,374,374,375,230,4,1062,18739,3,0,715,395,506,508,229,5,676,12117,3,0,352,364,497,498,231,6,684,12108,3,0,369,366,503,503,230,7,689,12261,3,0,368,376,488,499,231,8,1054,18594,3,0,768,390,507,513,230,9,502,8963,3,0,279,273,370,371,230,10,610,11145,1,0,397,228,369,251,31,230
14.08.16,17:20:00,1,908,13825,3,0,311,332,340,367,370,373,231,2,875,13649,3,0,276,334,337,371,370,366,231,3,892,13702,3,0,288,337,336,356,365,371,230,4,1268,18649,3,0,860,462,507,506,229,5,793,12058,3,0,415,425,492,492,231,6,799,12048,3,0,428,428,492,495,231,7,804,12201,3,0,430,435,478,485,231,8,1235,18504,3,0,898,452,508,506,231,9,592,8920,3,0,328,321,370,374,230,10,715,11094,1,0,464,268,372,252,31,230
14.08.16,17:15:00,1,777,13750,3,0,277,280,289,367,365,373,231,2,769,13577,3,0,268,281,287,370,365,370,231,3,773,13629,3,0,265,286,284,370,371,371,230,4,1063,18545,3,0,716,397,503,510,229,5,669,11994,3,0,349,360,503,499,231,6,677,11984,3,0,365,364,505,503,231,7,684,12136,3,0,366,372,498,498,230,8,1048,18403,3,0,764,389,505,507,231,9,499,8872,3,0,277,273,369,371,229,10,609,11035,1,0,395,230,365,250,31,230
14.08.16,17:10:00,1,876,13685,3,0,305,314,328,369,366,379,230,2,842,13513,3,0,274,314,323,361,365,371,230,3,857,13564,3,0,281,319,320,369,374,369,230,4,1193,18456,3,0,797,442,507,513,229,5,749,11938,3,0,391,405,488,487,230,6,774,11927,3,0,416,416,500,494,230,7,768,12078,3,0,409,418,490,488,230,8,1181,18314,3,0,852,439,508,504,230,9,565,8830,3,0,310,309,371,370,229,10,675,10983,1,0,433,255,367,250,31,230
14.08.16,17:05:00,1,690,13613,3,0,250,249,258,361,368,364,231,2,680,13444,3,0,240,251,255,364,359,365,230,3,680,13494,3,0,234,255,252,369,374,371,230,4,944,18357,3,0,631,355,498,507,229,5,601,11877,3,0,314,326,494,486,231,6,611,11864,3,0,330,330,499,494,230,7,617,12016,3,0,330,339,495,491,230,8,943,18218,3,0,691,354,499,497,230,9,447,8784,3,0,251,245,368,362,229,10,538,10928,1,0,348,202,361,246,31,230
14.08.16,17:00:00,1,699,13556,3,0,253,251,260,361,363,364,230,2,689,13387,3,0,241,254,258,367,363,369,230,3,688,13437,3,0,238,256,254,367,369,362,230,4,949,18279,3,0,637,358,495,500,229,5,609,11827,3,0,318,329,493,476,230,6,619,11813,3,0,334,333,501,497,230,7,625,11964,3,0,336,342,488,491,230,8,943,18139,3,0,699,357,494,495,230,9,453,8747,3,0,254,248,361,360,229,10,543,10884,1,0,354,204,360,245,32,230
14.08.16,16:55:00,1,1246,13497,3,0,436,446,449,364,373,375,231,2,1147,13329,3,0,340,445,443,373,373,373,231,3,1165,13379,3,0,354,445,438,361,369,366,230,4,1679,18200,3,0,1136,597,514,505,229,5,1107,11776,3,0,578,586,491,487,231,6,1096,11761,3,0,583,580,496,489,231,7,1115,11912,3,0,593,592,491,492,231,8,1677,18059,3,0,1209,601,496,504,231,9,806,8709,3,0,440,427,371,371,230,10,978,10838,1,0,636,369,366,248,34,230
14.08.16,16:50:00,1,1154,13390,3,0,403,414,425,369,373,374,231,2,1133,13230,3,0,383,415,423,375,373,376,231,3,1146,13278,3,0,388,418,421,375,375,373,230,4,1568,18053,3,0,1063,573,506,500,229,5,998,11680,3,0,520,535,487,487,231,6,1018,11665,3,0,542,545,489,489,231,7,1018,11815,3,0,541,549,486,486,231,8,1551,17914,3,0,1119,571,504,505,231,9,747,8638,3,0,407,406,369,372,230,10,907,10756,1,0,583,347,364,247,33,230
14.08.16,16:45:00,1,893,13296,3,0,318,320,330,364,365,367,230,2,882,13138,3,0,309,321,327,359,364,367,230,3,887,13185,3,0,307,326,325,360,368,363,230,4,1209,17926,3,0,818,449,495,500,229,5,765,11599,3,0,400,414,481,474,230,6,780,11584,3,0,418,420,483,481,230,7,783,11733,3,0,419,426,469,472,230,8,1201,17788,3,0,875,446,494,487,230,9,574,8578,3,0,317,314,362,362,229,10,701,10681,1,0,452,265,359,244,33,230
14.08.16,16:40:00,1,1509,13223,3,0,534,537,545,366,371,372,230,2,1363,13066,3,0,381,539,538,339,369,371,230,3,1372,13113,3,0,378,542,542,355,372,369,230,4,2041,17827,3,0,1393,727,502,502,229,5,1316,11537,3,0,690,691,496,487,230,6,1304,11520,3,0,689,694,494,496,230,7,1327,11669,3,0,706,700,490,493,230,8,2004,17690,3,0,1440,719,503,501,231,9,966,8531,3,0,526,517,367,367,229,10,1189,10623,1,0,769,451,366,248,35,230
14.08.16,16:35:00,1,1272,13092,3,0,447,457,469,367,369,372,230,2,1236,12947,3,0,408,457,466,371,372,377,230,3,1252,12993,3,0,413,460,463,375,372,372,230,4,1730,17651,3,0,1176,632,501,505,229,5,1089,11422,3,0,569,584,491,491,230,6,1117,11405,3,0,594,598,495,495,230,7,1112,11553,3,0,589,599,488,494,230,8,1694,17516,3,0,1223,625,501,501,230,9,821,8447,3,0,446,444,371,373,229,10,991,10523,1,0,635,381,363,246,34,230
14.08.16,16:30:00,1,1151,12989,3,0,409,413,424,364,368,371,230,2,1146,12847,3,0,402,415,422,368,372,375,230,3,1153,12891,3,0,396,418,419,370,372,372,230,4,1569,17510,3,0,1062,572,496,501,229,5,983,11334,3,0,513,524,488,480,230,6,999,11316,3,0,532,534,486,485,230,7,1005,11463,3,0,533,541,482,485,230,8,1527,17379,3,0,1107,562,496,493,230,9,740,8381,3,0,404,401,368,371,229,10,902,10441,1,0,577,346,360,244,35,230
14.08.16,16:25:00,1,962,12894,3,0,342,347,356,360,362,367,230,2,948,12752,3,0,329,349,355,364,362,368,230,3,958,12796,3,0,329,353,352,362,368,368,230,4,1314,17381,3,0,887,484,491,493,229,5,810,11253,3,0,425,435,478,469,230,6,828,11234,3,0,442,444,480,478,230,7,835,11381,3,0,446,452,474,473,230,8,1274,17253,3,0,929,472,486,485,230,9,615,8320,3,0,339,334,361,361,229,10,742,10366,1,0,479,280,356,237,35,229
14.08.16,16:20:00,1,2108,12815,3,0,728,748,761,374,377,375,231,2,1971,12674,3,0,591,753,757,346,368,378,231,3,1929,12717,3,0,531,751,758,361,374,376,230,4,2821,17272,3,0,1915,1011,503,510,229,5,1853,11186,3,0,963,980,496,495,231,6,1867,11165,3,0,979,983,500,498,231,7,1858,11311,3,0,973,981,493,498,231,8,2804,17148,3,0,1983,1004,500,502,231,9,1353,8269,3,0,721,722,371,377,230,10,1642,10305,1,0,1053,635,365,240,39,231
14.08.16,16:15:00,1,1433,12627,3,0,505,515,526,362,366,370,231,2,1406,12498,3,0,472,519,526,364,366,372,231,3,1412,12544,3,0,459,526,528,367,370,369,230,4,1958,17020,3,0,1336,716,497,498,229,5,1191,11026,3,0,623,635,484,484,231,6,1211,11002,3,0,639,647,485,489,230,7,1224,11149,3,0,649,656,482,484,230,8,1867,16903,3,0,1350,682,490,491,230,9,916,8149,3,0,498,495,365,369,230,10,1121,10166,1,0,717,431,359,244,36,230
14.08.16,16:10:00,1,1265,12518,3,0,448,452,461,358,361,364,231,2,1247,12391,3,0,433,452,459,358,363,367,230,3,1247,12437,3,0,423,455,455,364,366,365,230,4,1701,16872,3,0,1152,619,492,498,229,5,1112,10932,3,0,579,593,481,476,231,6,1124,10908,3,0,598,598,480,482,231,7,1125,11054,3,0,596,602,475,481,230,8,1701,16757,3,0,1226,621,489,485,230,9,822,8079,3,0,446,442,359,360,229,10,992,10074,1,0,634,379,354,241,38,230
14.08.16,16:05:00,1,2627,12408,3,0,921,929,936,364,368,371,231,2,2488,12283,3,0,787,930,931,356,370,373,231,3,2452,12329,3,0,731,926,932,370,369,372,231,4,3512,16725,3,0,2417,1238,502,508,229,5,2367,10834,3,0,1234,1245,494,482,231,6,2366,10809,3,0,1252,1248,491,492,231,7,2359,10955,3,0,1239,1242,484,488,231,8,3531,16608,3,0,2500,1253,494,492,231,9,1705,8006,3,0,909,907,361,371,230,10,2070,9990,1,0,1327,803,363,246,42,231
14.08.16,16:00:00,1,2120,12184,3,0,743,754,766,363,365,369,231,2,2052,12070,3,0,678,755,763,368,367,370,231,3,2042,12118,3,0,650,755,762,367,368,367,231,4,2833,16425,3,0,1939,1018,499,501,229,5,1869,10633,3,0,973,990,492,480,231,6,1898,10606,3,0,1005,1008,488,486,231,7,1882,10753,3,0,989,1003,480,485,231,8,2852,16306,3,0,2029,1032,490,487,231,9,1384,7860,3,0,741,747,361,367,230,10,1674,9817,1,0,1066,652,361,246,40,230
14.08.16,15:55:00,1,2599,12012,3,0,901,920,936,361,371,373,231,2,2482,11904,3,0,802,913,927,360,371,378,231,3,2456,11953,3,0,765,906,922,371,375,369,231,4,3422,16195,3,0,2338,1220,506,508,229,5,2345,10482,3,0,1221,1237,497,486,231,6,2374,10455,3,0,1252,1252,486,500,231,7,2338,10602,3,0,1227,1237,495,490,231,8,3543,16076,3,0,2497,1269,499,502,232,9,1704,7749,3,0,906,912,364,375,230,10,2056,9679,1,0,1312,801,363,248,42,231
14.08.16,15:50:00,1,2907,11790,3,0,1004,1030,1045,372,378,378,231,2,2799,11691,3,0,903,1031,1042,368,378,383,231,3,2777,11742,3,0,857,1030,1043,378,380,379,231,4,3890,15902,3,0,2665,1378,516,517,229,5,2558,10280,3,0,1334,1348,501,498,231,6,2581,10251,3,0,1357,1365,496,503,231,7,2570,10399,3,0,1353,1357,495,501,231,8,3884,15773,3,0,2753,1388,503,506,231,9,1881,7602,3,0,1005,1007,371,383,230,10,2315,9507,1,0,1474,904,369,251,40,231
14.08.16,15:45:00,1,1790,11554,3,0,628,637,649,370,374,375,230,2,1763,11464,3,0,606,638,648,372,377,378,230,3,1773,11516,3,0,598,642,646,376,378,376,230,4,2401,15586,3,0,1642,866,501,509,229,5,1566,10073,3,0,818,833,496,494,230,6,1591,10043,3,0,841,845,499,498,230,7,1586,10191,3,0,837,846,494,494,230,8,2401,15456,3,0,1720,872,501,508,230,9,1164,7449,3,0,627,628,369,374,229,10,1402,9312,1,0,899,538,366,252,37,230
14.08.16,15:40:00,1,1811,11408,3,0,636,642,652,371,375,375,231,2,1781,11319,3,0,614,642,649,375,373,378,231,3,1783,11371,3,0,601,645,646,377,376,376,230,4,2420,15389,3,0,1653,864,507,507,229,5,1599,9944,3,0,834,845,498,495,230,6,1611,9913,3,0,851,852,501,503,230,7,1615,10061,3,0,852,858,492,494,230,8,2437,15259,3,0,1743,877,505,502,230,9,1179,7354,3,0,635,632,369,375,230,10,1422,9196,1,0,912,547,367,250,37,230
14.08.16,15:35:00,1,1927,11254,3,0,678,684,691,370,376,378,231,2,1898,11168,3,0,653,684,690,378,376,380,231,3,1902,11220,3,0,641,687,688,379,376,377,230,4,2579,15184,3,0,1769,921,509,515,229,5,1702,9809,3,0,892,897,501,500,231,6,1701,9776,3,0,898,900,503,500,231,7,1719,9924,3,0,910,910,495,495,231,8,2589,15053,3,0,1852,927,505,509,231,9,1256,7254,3,0,677,670,375,377,230,10,1522,9077,1,0,975,586,370,250,37,230
14.08.16,15:30:00,1,1636,11094,3,0,577,584,592,370,375,378,230,2,1620,11010,3,0,564,585,592,367,371,379,230,3,1636,11061,3,0,562,590,591,375,376,379,230,4,2212,14968,3,0,1519,795,502,511,229,5,1412,9667,3,0,738,751,498,499,230,6,1429,9635,3,0,756,762,499,504,230,7,1438,9781,3,0,761,768,495,495,230,8,2181,14837,3,0,1568,790,506,506,230,9,1058,7149,3,0,573,570,371,375,229,10,1300,8950,1,0,832,500,366,250,35,230
14.08.16,15:25:00,1,1314,10961,3,0,463,469,478,366,371,374,230,2,1305,10879,3,0,459,470,476,367,370,378,230,3,1309,10929,3,0,451,473,473,373,375,372,230,4,1769,14789,3,0,1202,641,504,504,229,5,1142,9554,3,0,595,609,494,494,230,6,1155,9520,3,0,614,620,497,496,230,7,1162,9665,3,0,618,625,492,492,230,8,1759,14661,3,0,1269,643,503,500,230,9,851,7064,3,0,462,459,372,374,229,10,1047,8843,1,0,670,401,364,247,35,230
14.08.16,15:20:00,1,1978,10851,3,0,692,703,717,371,377,380,231,2,1955,10770,3,0,675,703,713,371,375,381,231,3,1943,10820,3,0,644,707,711,375,382,377,230,4,2661,14641,3,0,1822,949,509,513,229,5,1796,9458,3,0,936,952,503,499,231,6,1809,9423,3,0,956,957,501,501,230,7,1791,9568,3,0,942,952,492,500,231,8,2702,14513,3,0,1921,977,505,506,231,9,1298,6993,3,0,695,699,370,373,230,10,1597,8755,1,0,1014,624,367,251,37,230
14.08.16,15:15:00,1,1597,10685,3,0,562,570,580,372,374,376,231,2,1585,10606,3,0,556,570,578,370,373,379,231,3,1590,10656,3,0,548,573,575,374,378,377,230,4,2140,14417,3,0,1462,774,507,507,229,5,1405,9308,3,0,732,746,501,497,231,6,1419,9272,3,0,751,756,503,499,230,7,1424,9418,3,0,752,761,493,495,230,8,2151,14286,3,0,1544,782,505,505,231,9,1039,6884,3,0,562,560,371,375,230,10,1282,8622,1,0,818,494,364,250,36,230
14.08.16,15:10:00,1,1653,10552,3,0,583,590,600,372,375,378,230,2,1636,10474,3,0,571,589,597,372,372,380,230,3,1641,10524,3,0,564,591,593,375,379,378,230,4,2211,14239,3,0,1514,795,507,514,229,5,1465,9191,3,0,765,781,503,497,231,6,1480,9153,3,0,784,788,502,501,230,7,1484,9299,3,0,783,791,495,498,230,8,2239,14107,3,0,1604,811,507,506,231,9,1081,6797,3,0,583,582,372,377,230,10,1326,8515,1,0,848,511,367,251,36,230
14.08.16,15:05:00,1,1675,10414,3,0,591,598,609,374,376,379,231,2,1663,10336,3,0,582,598,606,372,374,379,230,3,1666,10386,3,0,572,601,603,373,382,377,230,4,2245,14053,3,0,1536,810,509,510,229,5,1474,9067,3,0,767,784,502,504,230,6,1490,9029,3,0,789,794,503,506,231,7,1495,9174,3,0,788,798,495,499,231,8,2260,13919,3,0,1619,819,507,510,231,9,1093,6706,3,0,590,589,371,375,230,10,1343,8405,1,0,858,517,369,251,36,230
14.08.16,15:00:00,1,1647,10275,3,0,582,588,596,374,377,380,231,2,1633,10199,3,0,572,588,594,376,373,380,231,3,1641,10248,3,0,563,592,593,377,380,378,230,4,2216,13867,3,0,1519,796,509,509,229,5,1430,8946,3,0,747,759,501,499,231,6,1440,8906,3,0,760,768,506,504,231,7,1452,9051,3,0,771,777,497,499,231,8,2197,13732,3,0,1577,794,507,509,231,9,1064,6616,3,0,575,572,370,379,230,10,1310,8293,1,0,839,503,369,250,35,230
14.08.16,14:55:00,1,1927,10138,3,0,669,682,697,374,382,381,231,2,1914,10063,3,0,663,685,696,376,376,384,231,3,1915,10112,3,0,648,688,694,380,382,378,230,4,2578,13683,3,0,1757,927,513,511,229,5,1663,8827,3,0,864,883,509,502,231,6,1696,8786,3,0,889,898,513,508,231,7,1683,8930,3,0,885,898,495,501,231,8,2559,13549,3,0,1820,925,506,510,231,9,1240,6528,3,0,664,667,375,378,230,10,1530,8184,1,0,973,593,371,253,35,230
14.08.16,14:50:00,1,1430,9976,3,0,503,511,520,375,375,378,230,2,1425,9902,3,0,498,513,520,372,372,383,231,3,1440,9951,3,0,500,521,521,377,382,373,230,4,1948,13467,3,0,1332,704,508,519,229,5,1205,8687,3,0,630,644,503,494,231,6,1220,8644,3,0,646,656,502,502,231,7,1233,8789,3,0,654,662,497,500,231,8,1877,13335,3,0,1355,685,507,504,231,9,913,6423,3,0,496,494,372,378,230,10,1132,8056,1,0,721,436,369,251,33,229
14.08.16,14:45:00,1,1167,9861,3,0,414,420,430,370,373,375,231,2,1168,9787,3,0,409,422,427,371,373,378,230,3,1179,9835,3,0,410,427,427,373,377,373,230,4,1599,13308,3,0,1088,582,504,512,229,5,975,8590,3,0,508,523,491,489,230,6,985,8546,3,0,522,532,497,493,230,7,1000,8690,3,0,532,539,489,494,231,8,1527,13183,3,0,1107,561,504,502,230,9,740,6350,3,0,405,401,371,372,230,10,922,7962,1,0,589,352,366,250,33,230
14.08.16,14:40:00,1,1200,9764,3,0,425,431,440,369,374,375,230,2,1198,9690,3,0,417,432,438,372,371,375,230,3,1209,9737,3,0,418,437,436,372,376,374,230,4,1640,13176,3,0,1113,592,502,499,229,5,1011,8510,3,0,527,540,497,495,230,6,1019,8464,3,0,540,547,501,498,230,7,1032,8607,3,0,548,555,492,496,230,8,1572,13057,3,0,1138,576,502,506,230,9,762,6289,3,0,416,411,370,375,229,10,954,7885,1,0,611,363,365,250,33,230
14.08.16,14:35:00,1,1514,9663,3,0,534,540,548,372,377,380,230,2,1506,9589,3,0,528,542,549,375,375,379,230,3,1517,9635,3,0,523,545,545,374,381,377,230,4,2047,13038,3,0,1399,736,506,511,229,5,1285,8424,3,0,670,682,504,501,230,6,1296,8378,3,0,684,692,505,506,230,7,1306,8520,3,0,691,697,496,502,230,8,1985,12924,3,0,1425,720,508,508,230,9,962,6225,3,0,521,518,371,377,229,10,1200,7805,1,0,770,462,368,251,34,230
14.08.16,14:30:00,1,1464,9535,3,0,517,522,532,371,376,380,230,2,1458,9462,3,0,513,527,533,372,374,380,230,3,1473,9507,3,0,507,530,531,373,379,377,230,4,1984,12865,3,0,1357,716,506,510,229,5,1225,8315,3,0,640,653,501,501,230,6,1239,8269,3,0,653,665,505,502,230,7,1250,8409,3,0,663,670,495,501,230,8,1906,12756,3,0,1373,695,506,505,230,9,926,6143,3,0,502,501,370,375,229,10,1152,7705,1,0,735,445,369,250,34,230
14.08.16,14:25:00,1,1372,9414,3,0,486,489,498,376,375,375,230,2,1362,9342,3,0,481,491,498,372,376,381,230,3,1372,9386,3,0,472,496,495,373,380,379,230,4,1848,12702,3,0,1263,668,504,510,229,5,1169,8215,3,0,612,624,501,496,230,6,1178,8167,3,0,623,631,506,504,230,7,1190,8307,3,0,631,637,497,499,230,8,1807,12600,3,0,1302,658,505,503,230,9,875,6067,3,0,476,471,372,377,229,10,1088,7609,1,0,694,419,370,250,34,230
14.08.16,14:20:00,1,1638,9300,3,0,578,583,590,373,378,372,230,2,1621,9228,3,0,568,583,589,374,375,380,230,3,1627,9271,3,0,558,586,586,377,381,376,230,4,2194,12547,3,0,1498,785,512,512,229,5,1429,8117,3,0,746,756,507,502,230,6,1430,8068,3,0,754,759,509,507,230,7,1441,8207,3,0,761,766,501,505,230,8,2179,12448,3,0,1561,785,510,508,230,9,1053,5994,3,0,570,565,375,377,229,10,1301,7519,1,0,834,500,370,251,35,230
14.08.16,14:15:00,1,1945,9159,3,0,685,692,701,380,382,386,230,2,1933,9088,3,0,678,694,701,374,381,383,230,3,1948,9130,3,0,671,698,699,383,385,385,230,4,2617,12359,3,0,1801,933,512,520,229,5,1689,7993,3,0,883,893,510,508,230,6,1699,7944,3,0,897,904,514,510,230,7,1707,8082,3,0,901,908,504,505,230,8,2586,12261,3,0,1850,932,514,511,231,9,1255,5902,3,0,676,674,378,384,229,10,1552,7409,1,0,997,602,373,255,34,230
14.08.16,14:10:00,1,1563,8999,3,0,552,557,567,379,378,384,230,2,1553,8930,3,0,548,559,566,373,379,382,230,3,1565,8971,3,0,543,564,565,377,383,382,230,4,2108,12144,3,0,1440,758,513,517,229,5,1348,7855,3,0,703,717,508,508,230,6,1360,7806,3,0,720,725,510,511,230,7,1366,7943,3,0,723,731,502,507,230,8,2074,12049,3,0,1487,752,513,515,230,9,1004,5800,3,0,544,542,378,380,229,10,1251,7279,1,0,801,486,374,254,33,230
14.08.16,14:05:00,1,1448,8870,3,0,512,516,527,377,381,386,230,2,1435,8802,3,0,507,518,525,376,380,384,230,3,1446,8842,3,0,501,522,522,382,383,383,230,4,1949,11970,3,0,1332,703,511,521,229,5,1257,7744,3,0,655,669,510,507,230,6,1266,7693,3,0,671,675,511,511,230,7,1272,7830,3,0,674,682,503,507,230,8,1929,11878,3,0,1387,703,515,514,230,9,932,5717,3,0,506,504,378,379,229,10,1163,7177,1,0,747,449,373,255,32,230
14.08.16,14:00:00,1,1248,8751,3,0,444,448,457,378,379,381,230,2,1243,8684,3,0,437,446,453,379,381,386,230,3,1250,8723,3,0,437,453,452,380,385,381,230,4,1690,11809,3,0,1148,614,513,520,229,5,1081,7641,3,0,564,579,500,505,230,6,1090,7589,3,0,578,584,505,506,230,7,1100,7725,3,0,584,592,499,504,230,8,1669,11719,3,0,1205,610,513,510,230,9,807,5641,3,0,439,436,379,383,229,10,1004,7079,1,0,642,386,371,252,32,230
14.08.16,13:55:00,1,1019,8648,3,0,363,365,374,374,378,380,230,2,1013,8581,3,0,360,367,371,374,375,382,230,3,1019,8620,3,0,357,371,369,378,381,376,229,4,1383,11670,3,0,938,507,503,511,229,5,863,7552,3,0,451,465,494,491,230,6,872,7500,3,0,465,470,496,492,230,7,884,7635,3,0,472,479,489,487,230,8,1351,11581,3,0,983,499,509,501,230,9,650,5574,3,0,359,354,376,375,229,10,817,6996,1,0,526,312,369,250,31,229
14.08.16,13:50:00,1,875,8565,3,0,314,313,321,368,368,373,230,2,869,8499,3,0,311,315,319,365,371,375,230,3,870,8537,3,0,304,318,314,367,374,365,229,4,1186,11557,3,0,797,440,503,511,229,5,748,7481,3,0,391,404,504,501,230,6,750,7429,3,0,401,406,505,495,230,7,765,7563,3,0,410,416,502,495,230,8,1167,11471,3,0,851,432,504,507,229,9,559,5521,3,0,310,304,369,370,229,10,698,6929,1,0,448,265,364,248,32,229
14.08.16,13:45:00,1,1044,8492,3,0,372,373,381,374,376,381,230,2,1036,8426,3,0,368,374,379,370,376,380,230,3,1039,8464,3,0,362,377,375,375,381,377,229,4,1412,11458,3,0,954,515,507,511,229,5,896,7419,3,0,466,481,498,498,230,6,900,7366,3,0,478,484,500,497,230,7,912,7499,3,0,485,492,491,490,230,8,1387,11373,3,0,1005,510,506,508,230,9,667,5475,3,0,366,362,375,376,229,10,831,6870,1,0,533,318,367,250,32,229
14.08.16,13:40:00,1,1102,8403,3,0,392,394,403,374,376,381,230,2,1096,8338,3,0,388,395,401,370,375,381,230,3,1101,8376,3,0,384,399,399,374,379,379,229,4,1496,11339,3,0,1013,548,508,513,229,5,942,7343,3,0,490,505,501,494,230,6,951,7290,3,0,505,510,508,497,230,7,961,7422,3,0,512,518,497,494,230,8,1462,11256,3,0,1059,540,508,509,229,9,705,5418,3,0,386,383,375,379,229,10,884,6801,1,0,566,339,369,251,32,229
14.08.16,13:35:00,1,1081,8312,3,0,385,386,396,372,376,380,230,2,1076,8247,3,0,381,388,394,371,375,377,230,3,1083,8284,3,0,379,393,392,374,378,380,229,4,1471,11214,3,0,996,538,508,514,229,5,918,7264,3,0,477,494,487,488,230,6,926,7210,3,0,491,499,490,496,230,7,941,7341,3,0,500,508,494,493,230,8,1431,11134,3,0,1040,528,508,499,230,9,690,5359,3,0,379,376,374,377,229,10,867,6727,1,0,553,329,365,251,32,229
14.08.16,13:30:00,1,948,8222,3,0,337,339,349,373,375,377,230,2,940,8158,3,0,333,341,346,369,369,378,230,3,947,8195,3,0,331,344,343,370,377,377,229,4,1288,11092,3,0,868,471,503,510,229,5,804,7189,3,0,419,436,486,487,230,6,810,7134,3,0,430,440,497,490,230,7,824,7264,3,0,440,448,481,485,229,8,1261,11016,3,0,919,469,503,503,229,9,605,5303,3,0,334,330,372,374,228,10,759,6655,1,0,483,289,365,246,32,229
14.08.16,13:25:00,1,909,8144,3,0,323,325,334,366,371,371,229,2,901,8080,3,0,321,327,332,367,366,373,229,3,908,8117,3,0,318,330,329,372,375,374,229,4,1233,10986,3,0,831,458,504,506,229,5,772,7122,3,0,403,419,487,479,229,6,777,7067,3,0,411,423,498,486,229,7,792,7196,3,0,424,432,477,483,229,8,1212,10912,3,0,885,451,502,491,229,9,581,5252,3,0,321,317,369,372,228,10,727,6592,1,0,464,277,364,245,32,229
14.08.16,13:20:00,1,890,8068,3,0,317,319,327,361,369,369,230,2,883,8006,3,0,314,320,324,367,368,372,230,3,888,8041,3,0,310,323,322,364,370,369,229,4,1207,10883,3,0,813,446,498,503,229,5,759,7058,3,0,395,412,487,486,230,6,764,7002,3,0,405,416,498,488,230,7,780,7130,3,0,417,424,479,487,229,8,1189,10811,3,0,870,443,496,496,229,9,570,5204,3,0,315,311,366,364,229,10,711,6532,1,0,456,270,361,245,33,229
14.08.16,13:15:00,1,926,7994,3,0,332,333,342,368,367,374,230,2,918,7932,3,0,327,335,339,367,366,373,230,3,923,7967,3,0,322,336,335,366,373,371,229,4,1255,10782,3,0,847,467,498,492,229,5,789,6994,3,0,411,427,495,486,230,6,794,6939,3,0,422,430,494,483,229,7,809,7065,3,0,433,440,482,486,229,8,1232,10712,3,0,901,458,496,492,229,9,591,5157,3,0,327,322,369,365,229,10,735,6472,1,0,474,279,361,247,33,229
14.08.16,13:10:00,1,1113,7916,3,0,397,399,408,365,367,371,230,2,1105,7855,3,0,390,401,406,368,369,373,230,3,1110,7890,3,0,384,405,403,369,373,371,229,4,1510,10677,3,0,1021,555,498,503,229,5,952,6928,3,0,497,510,489,486,230,6,954,6872,3,0,505,513,490,485,230,7,970,6997,3,0,517,521,483,485,229,8,1472,10608,3,0,1070,541,496,499,229,9,710,5107,3,0,389,383,367,370,229,10,885,6410,1,0,567,337,360,245,35,229
14.08.16,13:05:00,1,1484,7821,3,0,526,529,538,368,371,375,230,2,1472,7760,3,0,519,530,536,366,370,376,230,3,1481,7795,3,0,513,533,533,368,375,372,230,4,1996,10548,3,0,1364,720,503,504,229,5,1285,6847,3,0,671,683,498,494,230,6,1289,6790,3,0,681,688,498,495,230,7,1301,6914,3,0,688,695,488,495,230,8,1969,10483,3,0,1419,716,499,497,230,9,953,5046,3,0,517,513,369,373,229,10,1177,6336,1,0,753,454,363,246,36,230
14.08.16,13:00:00,1,1762,7695,3,0,621,627,637,370,375,377,231,2,1753,7635,3,0,615,627,635,364,370,380,231,3,1760,7668,3,0,608,631,633,371,377,377,230,4,2361,10379,3,0,1617,852,504,501,229,5,1545,6737,3,0,805,820,499,497,231,6,1552,6680,3,0,822,830,502,501,231,7,1560,6802,3,0,823,831,492,494,231,8,2358,10315,3,0,1690,854,502,505,231,9,1143,4965,3,0,616,615,368,372,230,10,1407,6238,1,0,898,545,364,247,38,230
14.08.16,12:55:00,1,1976,7547,3,0,695,701,711,369,375,377,231,2,1964,7488,3,0,690,702,710,370,374,378,231,3,1977,7521,3,0,682,706,708,373,377,376,231,4,2651,10181,3,0,1815,945,509,508,229,5,1717,6608,3,0,895,909,503,499,231,6,1725,6550,3,0,912,921,502,502,231,7,1734,6672,3,0,914,922,494,500,231,8,2625,10118,3,0,1876,946,505,504,231,9,1273,4869,3,0,685,685,371,377,230,10,1572,6121,1,0,1003,609,365,251,38,231
14.08.16,12:50:00,1,2071,7380,3,0,729,735,746,373,377,378,231,2,2055,7322,3,0,722,736,744,372,378,383,231,3,2071,7354,3,0,716,740,743,374,380,380,230,4,2779,9957,3,0,1907,992,509,512,229,5,1804,6462,3,0,940,955,504,502,231,6,1814,6404,3,0,954,965,509,507,230,7,1823,6525,3,0,962,970,495,504,230,8,2758,9896,3,0,1970,994,509,508,231,9,1338,4761,3,0,720,720,374,378,230,10,1651,5989,1,0,1053,641,369,251,37,230
14.08.16,12:45:00,1,1876,7209,3,0,661,667,678,372,379,382,231,2,1866,7152,3,0,657,667,676,371,378,381,231,3,1878,7182,3,0,651,672,674,373,380,382,230,4,2516,9727,3,0,1726,901,508,514,229,5,1637,6313,3,0,855,873,504,503,231,6,1646,6254,3,0,867,878,508,508,231,7,1657,6374,3,0,878,886,499,501,231,8,2507,9667,3,0,1795,907,508,508,231,9,1216,4650,3,0,654,654,372,378,230,10,1495,5851,1,0,954,581,369,250,37,230
14.08.16,12:40:00,1,1807,7054,3,0,638,643,654,374,378,382,231,2,1800,6998,3,0,634,643,651,370,377,384,231,3,1810,7027,3,0,628,648,649,375,381,378,230,4,2424,9519,3,0,1662,869,508,503,229,5,1571,6178,3,0,820,836,505,501,231,6,1574,6118,3,0,829,842,511,506,231,7,1589,6237,3,0,840,851,498,500,231,8,2406,9460,3,0,1722,871,510,511,231,9,1167,4550,3,0,627,628,371,380,230,10,1443,5727,1,0,914,560,370,250,36,230
14.08.16,12:35:00,1,1688,6903,3,0,597,601,613,375,378,381,231,2,1681,6848,3,0,594,602,610,371,376,382,231,3,1690,6876,3,0,588,606,608,376,381,381,230,4,2272,9317,3,0,1555,813,509,514,229,5,1466,6047,3,0,764,779,503,500,230,6,1469,5987,3,0,774,787,507,508,231,7,1482,6105,3,0,783,792,498,500,230,8,2247,9260,3,0,1609,816,511,513,231,9,1089,4453,3,0,587,587,374,377,229,10,1345,5607,1,0,855,523,369,250,35,230
14.08.16,12:30:00,1,1611,6764,3,0,568,571,583,376,377,382,231,2,1599,6709,3,0,565,574,582,371,377,382,231,3,1605,6737,3,0,558,576,578,375,380,381,230,4,2159,9129,3,0,1474,779,508,514,229,5,1421,5926,3,0,739,755,505,501,231,6,1427,5866,3,0,754,762,508,504,230,7,1432,5983,3,0,755,766,496,501,230,8,2165,9074,3,0,1551,787,511,511,231,9,1045,4363,3,0,564,565,375,380,229,10,1292,5495,1,0,821,503,369,250,35,230
14.08.16,12:25:00,1,1546,6629,3,0,544,549,560,372,378,382,231,2,1534,6576,3,0,543,551,558,373,378,383,231,3,1542,6603,3,0,537,555,557,376,382,382,230,4,2079,8949,3,0,1421,750,510,514,229,5,1342,5807,3,0,699,715,507,504,231,6,1352,5747,3,0,715,722,509,504,231,7,1358,5863,3,0,717,728,499,505,231,8,2058,8894,3,0,1479,751,512,509,231,9,995,4276,3,0,538,539,372,380,230,10,1238,5387,1,0,786,481,369,251,34,230
14.08.16,12:20:00,1,1298,6502,3,0,460,463,473,370,373,377,231,2,1295,6449,3,0,457,465,471,374,372,383,231,3,1304,6476,3,0,452,469,469,375,379,377,230,4,1763,8778,3,0,1202,638,509,510,229,5,1095,5697,3,0,571,586,500,498,230,6,1104,5636,3,0,585,594,506,500,230,7,1116,5752,3,0,592,600,493,495,231,8,1700,8724,3,0,1229,624,505,505,231,9,825,4194,3,0,447,446,378,378,229,10,1027,5285,1,0,651,398,366,247,34,230
14.08.16,12:15:00,1,1310,6395,3,0,466,467,476,374,374,378,231,2,1305,6343,3,0,461,468,473,371,374,381,231,3,1314,6368,3,0,456,472,471,373,378,377,230,4,1776,8632,3,0,1208,642,507,515,229,5,1109,5607,3,0,578,593,500,499,230,6,1114,5545,3,0,589,599,504,500,230,7,1130,5660,3,0,599,607,496,499,231,8,1717,8584,3,0,1240,628,506,506,231,9,833,4126,3,0,452,449,372,376,230,10,1038,5199,1,0,659,401,365,246,34,230
14.08.16,12:10:00,1,1363,6285,3,0,484,485,495,371,375,381,231,2,1353,6233,3,0,478,485,491,370,375,382,231,3,1362,6258,3,0,473,489,489,375,380,380,230,4,1837,8483,3,0,1252,662,510,510,229,5,1174,5513,3,0,612,628,502,498,231,6,1179,5451,3,0,622,633,505,502,230,7,1193,5565,3,0,632,640,493,498,230,8,1808,8440,3,0,1305,662,504,506,231,9,875,4056,3,0,475,472,372,375,230,10,1084,5113,1,0,689,421,365,245,34,230
14.08.16,12:05:00,1,1213,6172,3,0,433,435,445,368,371,375,231,2,1208,6121,3,0,426,435,442,369,373,379,231,3,1214,6145,3,0,421,439,438,370,374,374,230,4,1644,8331,3,0,1118,598,501,508,229,5,1041,5416,3,0,542,558,493,492,230,6,1040,5354,3,0,547,564,506,496,230,7,1061,5466,3,0,564,572,487,492,230,8,1611,8290,3,0,1167,593,499,500,230,9,779,3983,3,0,424,422,373,373,229,10,959,5023,1,0,610,370,362,246,34,230
14.08.16,12:00:00,1,1200,6072,3,0,428,431,439,363,369,372,231,2,1196,6021,3,0,424,432,437,364,369,374,231,3,1203,6045,3,0,420,435,434,367,371,369,230,4,1627,8195,3,0,1108,592,497,504,229,5,1028,5330,3,0,535,550,491,488,231,6,1024,5268,3,0,539,555,498,490,230,7,1047,5378,3,0,556,563,485,491,230,8,1587,8157,3,0,1151,584,494,498,231,9,768,3919,3,0,419,414,367,372,230,10,951,4943,1,0,606,365,361,245,34,230
14.08.16,11:55:00,1,1507,5971,3,0,534,536,544,364,369,372,231,2,1492,5921,3,0,527,535,541,364,371,372,231,3,1496,5944,3,0,520,537,537,367,370,372,231,4,2008,8059,3,0,1372,721,501,500,229,5,1331,5244,3,0,693,706,491,492,231,6,1326,5182,3,0,697,707,498,490,231,7,1340,5291,3,0,709,714,486,491,231,8,2020,8024,3,0,1450,733,500,497,231,9,973,3855,3,0,526,522,365,370,230,10,1210,4864,1,0,770,466,360,245,36,231
14.08.16,11:50:00,1,1868,5838,3,0,659,665,676,366,370,375,231,2,1858,5789,3,0,654,665,673,363,371,375,231,3,1870,5812,3,0,648,669,671,367,373,372,231,4,2501,7883,3,0,1719,895,497,500,229,5,1626,5126,3,0,850,864,493,490,231,6,1632,5064,3,0,858,872,500,494,231,7,1644,5172,3,0,868,877,486,490,231,8,2487,7846,3,0,1785,903,500,502,231,9,1207,3768,3,0,649,649,365,371,230,10,1498,4761,1,0,952,583,361,246,37,231
14.08.16,11:45:00,1,2000,5687,3,0,706,710,718,368,370,372,232,2,1984,5638,3,0,698,710,714,363,371,377,232,3,1993,5660,3,0,691,712,711,368,374,372,231,4,2670,7679,3,0,1835,950,501,503,229,5,1773,4995,3,0,929,936,494,493,232,6,1764,4932,3,0,929,939,499,495,232,7,1778,5039,3,0,938,942,487,486,231,8,2679,7645,3,0,1916,962,501,504,232,9,1296,3671,3,0,697,693,367,372,231,10,1605,4637,1,0,1022,622,363,245,38,231
14.08.16,11:40:00,1,2361,5516,3,0,829,837,847,371,376,378,231,2,2343,5469,3,0,820,836,843,368,376,382,231,3,2356,5490,3,0,813,839,842,373,379,380,231,4,3154,7452,3,0,2166,1118,506,507,229,5,2100,4843,3,0,1100,1106,500,499,231,6,2090,4781,3,0,1102,1110,504,503,231,7,2105,4887,3,0,1108,1112,494,496,231,8,3171,7416,3,0,2258,1135,503,504,231,9,1536,3560,3,0,823,822,369,376,230,10,1892,4503,1,0,1204,738,364,248,38,231
14.08.16,11:35:00,1,1977,5320,3,0,696,703,714,368,374,378,231,2,1964,5274,3,0,691,704,711,369,374,380,231,3,1978,5294,3,0,685,708,710,372,375,377,230,4,2648,7189,3,0,1825,947,505,507,229,5,1741,4669,3,0,910,924,500,498,231,6,1750,4607,3,0,928,934,504,502,231,7,1755,4712,3,0,928,937,497,496,231,8,2650,7152,3,0,1896,958,502,503,231,9,1284,3432,3,0,692,692,370,373,230,10,1587,4345,1,0,1009,616,365,247,36,231
14.08.16,11:30:00,1,1888,5157,3,0,664,671,682,368,376,376,231,2,1874,5112,3,0,659,670,679,369,375,377,231,3,1883,5131,3,0,651,674,676,370,376,374,231,4,2521,6971,3,0,1730,901,507,507,229,5,1677,4525,3,0,878,894,501,497,231,6,1687,4463,3,0,892,898,504,502,231,7,1687,4568,3,0,893,903,494,494,231,8,2545,6934,3,0,1819,921,503,503,231,9,1231,3327,3,0,662,663,369,372,230,10,1519,4213,1,0,966,592,364,247,36,231
14.08.16,11:25:00,1,1913,4999,3,0,672,681,692,370,375,378,231,2,1901,4956,3,0,668,680,689,369,376,380,231,3,1913,4974,3,0,662,685,688,370,379,377,231,4,2561,6760,3,0,1760,917,507,509,229,5,1682,4385,3,0,880,896,503,502,231,6,1695,4322,3,0,894,905,503,504,231,7,1695,4427,3,0,898,908,494,494,231,8,2564,6721,3,0,1833,928,503,505,231,9,1242,3224,3,0,668,670,373,374,230,10,1534,4086,1,0,975,597,365,250,35,231
14.08.16,11:20:00,1,1585,4842,3,0,561,566,577,366,372,375,231,2,1575,4800,3,0,556,567,574,370,373,380,231,3,1583,4817,3,0,549,570,572,369,377,376,231,4,2126,6550,3,0,1460,768,504,507,229,5,1388,4248,3,0,724,740,503,495,231,6,1395,4184,3,0,738,747,501,498,231,7,1403,4288,3,0,743,752,493,495,231,8,2120,6511,3,0,1522,772,503,499,231,9,1026,3122,3,0,556,554,369,373,230,10,1275,3959,1,0,809,493,365,245,35,231
14.08.16,11:15:00,1,1579,4711,3,0,559,564,573,368,375,374,231,2,1569,4669,3,0,556,564,571,368,373,378,231,3,1577,4685,3,0,548,568,569,372,376,376,231,4,2118,6373,3,0,1455,763,505,506,229,5,1381,4132,3,0,721,736,504,498,231,6,1387,4068,3,0,734,742,503,498,231,7,1396,4172,3,0,739,747,491,497,231,8,2108,6335,3,0,1514,765,501,501,231,9,1020,3037,3,0,552,551,369,375,230,10,1269,3854,1,0,808,491,365,246,35,231
14.08.16,11:10:00,1,1708,4579,3,0,605,609,619,372,375,377,231,2,1698,4538,3,0,600,608,616,364,371,379,231,3,1706,4554,3,0,592,613,613,373,379,377,230,4,2289,6196,3,0,1570,821,509,510,229,5,1500,4017,3,0,784,797,498,496,231,6,1500,3952,3,0,794,802,502,504,231,7,1512,4055,3,0,801,807,490,492,231,8,2284,6159,3,0,1637,827,504,504,231,9,1106,2952,3,0,597,596,367,373,230,10,1372,3747,1,0,873,528,365,249,35,231
14.08.16,11:05:00,1,1749,4436,3,0,620,623,632,372,376,376,231,2,1742,4396,3,0,614,623,630,368,372,377,231,3,1750,4411,3,0,607,628,629,373,379,378,231,4,2348,6005,3,0,1613,840,508,510,229,5,1527,3891,3,0,799,810,501,496,231,6,1525,3826,3,0,807,816,500,502,231,7,1542,3928,3,0,816,823,491,494,231,8,2330,5967,3,0,1670,842,506,506,231,9,1130,2859,3,0,611,607,370,372,230,10,1405,3633,1,0,893,542,364,250,35,231
14.08.16,11:00:00,1,1909,4290,3,0,673,679,687,372,375,377,231,2,1897,4250,3,0,668,679,686,371,376,379,231,3,1911,4265,3,0,662,683,684,374,379,378,231,4,2559,5809,3,0,1760,910,510,508,229,5,1667,3764,3,0,872,883,505,499,231,6,1669,3699,3,0,882,889,505,503,231,7,1680,3800,3,0,889,894,493,500,231,8,2539,5773,3,0,1815,914,508,508,232,9,1230,2765,3,0,663,661,372,378,230,10,1531,3516,1,0,973,592,367,250,35,231
14.08.16,10:55:00,1,1841,4129,3,0,649,656,667,373,377,381,232,2,1834,4091,3,0,645,657,665,371,374,381,232,3,1848,4104,3,0,640,662,664,375,379,379,231,4,2473,5593,3,0,1704,883,510,511,229,5,1597,3623,3,0,837,849,504,500,232,6,1608,3558,3,0,852,859,507,505,232,7,1615,3658,3,0,855,863,496,503,232,8,2446,5559,3,0,1750,885,508,509,232,9,1187,2661,3,0,640,640,373,378,231,10,1475,3389,1,0,939,571,369,251,34,231
14.08.16,10:50:00,1,1689,3978,3,0,597,603,614,373,377,379,232,2,1679,3940,3,0,592,604,610,369,374,380,232,3,1687,3952,3,0,585,607,608,373,380,379,231,4,2262,5390,3,0,1555,811,506,508,229,5,1486,3492,3,0,777,790,505,497,232,6,1493,3426,3,0,792,796,505,503,232,7,1498,3525,3,0,793,801,496,499,231,8,2262,5358,3,0,1620,819,507,505,231,9,1094,2564,3,0,591,591,372,377,230,10,1360,3265,1,0,865,527,369,250,34,231
14.08.16,10:45:00,1,1746,3837,3,0,617,624,633,373,378,381,232,2,1739,3800,3,0,612,623,631,371,375,380,232,3,1749,3811,3,0,606,628,629,373,380,380,231,4,2343,5201,3,0,1614,839,506,508,229,5,1525,3368,3,0,799,810,507,501,232,6,1531,3302,3,0,812,818,507,506,232,7,1538,3400,3,0,814,822,498,499,232,8,2326,5169,3,0,1666,841,507,507,231,9,1126,2472,3,0,608,607,371,373,231,10,1405,3152,1,0,896,543,368,251,33,231
14.08.16,10:40:00,1,1619,3691,3,0,574,579,587,374,376,380,231,2,1611,3655,3,0,569,580,586,372,376,382,231,3,1623,3666,3,0,565,585,585,372,380,380,231,4,2180,5006,3,0,1502,780,509,509,229,5,1402,3241,3,0,734,746,505,499,231,6,1407,3175,3,0,745,752,505,503,231,7,1417,3272,3,0,751,759,498,503,231,8,2145,4976,3,0,1539,777,509,509,231,9,1039,2379,3,0,563,561,372,376,230,10,1300,3035,1,0,829,501,368,251,33,231
14.08.16,10:35:00,1,1529,3558,3,0,541,546,554,374,375,378,232,2,1519,3522,3,0,538,547,553,371,374,381,232,3,1531,3532,3,0,533,552,552,373,380,379,231,4,2058,4826,3,0,1413,737,509,512,229,5,1324,3126,3,0,693,704,506,501,231,6,1330,3058,3,0,704,710,505,504,232,7,1337,3156,3,0,709,716,496,502,232,8,2025,4799,3,0,1454,735,508,509,231,9,979,2293,3,0,532,530,371,376,230,10,1226,2928,1,0,780,471,369,250,33,231
14.08.16,10:30:00,1,1698,3430,3,0,601,606,615,373,380,380,232,2,1691,3395,3,0,598,606,614,370,373,382,232,3,1702,3403,3,0,591,612,612,377,382,382,231,4,2284,4654,3,0,1573,818,512,512,229,5,1480,3015,3,0,774,786,507,502,232,6,1489,2947,3,0,790,795,507,509,232,7,1492,3043,3,0,788,798,503,503,232,8,2258,4629,3,0,1616,818,512,508,232,9,1093,2211,3,0,591,590,375,377,231,10,1365,2825,1,0,869,529,369,250,33,231
14.08.16,10:25:00,1,1653,3288,3,0,587,590,599,375,379,381,232,2,1648,3254,3,0,582,592,597,373,378,383,232,3,1659,3262,3,0,577,598,597,378,382,378,231,4,2230,4463,3,0,1537,796,513,511,229,5,1424,2891,3,0,745,756,505,504,232,6,1431,2823,3,0,759,763,506,504,232,7,1439,2919,3,0,762,769,501,502,232,8,2181,4441,3,0,1563,789,510,510,231,9,1057,2120,3,0,573,571,374,379,231,10,1331,2711,1,0,848,513,369,250,32,231
14.08.16,10:20:00,1,1640,3150,3,0,581,586,594,376,378,381,231,2,1634,3116,3,0,578,587,593,372,379,382,231,3,1646,3123,3,0,573,593,593,377,382,379,231,4,2212,4277,3,0,1528,789,510,511,229,5,1411,2773,3,0,739,749,504,502,232,6,1418,2704,3,0,752,758,508,507,232,7,1426,2799,3,0,755,762,497,505,232,8,2161,4259,3,0,1548,781,510,510,231,9,1047,2031,3,0,568,565,375,379,231,10,1315,2600,1,0,839,509,371,251,32,231
14.08.16,10:15:00,1,1755,3013,3,0,618,624,632,377,381,380,232,2,1746,2980,3,0,616,626,631,373,381,384,232,3,1756,2986,3,0,610,631,630,376,385,384,231,4,2356,4092,3,0,1625,838,516,513,229,5,1530,2654,3,0,801,811,512,510,232,6,1530,2585,3,0,810,816,514,512,232,7,1539,2680,3,0,814,822,506,508,232,8,2330,4078,3,0,1664,840,511,514,232,9,1127,1944,3,0,609,607,377,382,231,10,1413,2491,1,0,904,546,373,255,32,232
14.08.16,10:10:00,1,1664,2866,3,0,587,593,602,379,378,389,232,2,1654,2833,3,0,584,594,601,378,381,385,232,3,1665,2838,3,0,577,598,597,382,385,382,231,4,2234,3895,3,0,1542,796,515,510,229,5,1458,2526,3,0,765,777,510,505,232,6,1462,2456,3,0,775,782,512,510,232,7,1472,2551,3,0,781,788,506,506,232,8,2225,3883,3,0,1595,804,514,507,232,9,1077,1849,3,0,584,582,379,382,231,10,1349,2373,1,0,864,524,374,254,30,232
14.08.16,10:05:00,1,1387,2731,3,0,491,496,504,374,380,385,232,2,1377,2699,3,0,488,497,503,374,382,385,232,3,1389,2703,3,0,481,500,499,378,383,381,232,4,1870,3713,3,0,1286,669,516,508,229,5,1189,2408,3,0,623,636,509,508,232,6,1194,2338,3,0,635,641,510,511,232,7,1204,2432,3,0,640,647,507,508,232,8,1827,3702,3,0,1313,663,513,512,232,9,884,1762,3,0,481,479,382,384,231,10,1116,2261,1,0,714,430,374,254,30,232
14.08.16,10:00:00,1,1492,2615,3,0,529,533,542,380,386,387,232,2,1482,2584,3,0,526,535,541,376,380,384,232,3,1497,2587,3,0,519,538,538,378,385,386,231,4,2015,3556,3,0,1386,722,515,519,229,5,1280,2309,3,0,671,683,510,510,232,6,1288,2238,3,0,684,689,512,510,232,7,1295,2331,3,0,688,695,505,508,232,8,1965,3549,3,0,1410,711,514,516,232,9,951,1688,3,0,518,515,378,382,231,10,1201,2168,1,0,771,464,373,255,30,232
14.08.16,09:55:00,1,1494,2490,3,0,529,534,543,378,383,387,232,2,1484,2460,3,0,526,535,541,375,382,383,232,3,1500,2462,3,0,522,542,541,377,386,384,232,4,2019,3388,3,0,1392,721,516,519,229,5,1271,2202,3,0,666,678,512,508,232,6,1281,2130,3,0,680,685,514,512,232,7,1287,2222,3,0,684,692,506,506,232,8,1956,3385,3,0,1404,709,515,516,232,9,948,1609,3,0,516,514,380,382,231,10,1202,2068,1,0,770,464,373,255,30,232
14.08.16,09:50:00,1,1369,2366,3,0,486,490,499,375,381,384,232,2,1362,2337,3,0,481,490,496,376,382,386,232,3,1372,2337,3,0,477,497,495,383,387,384,232,4,1849,3220,3,0,1273,663,515,519,229,5,1177,2096,3,0,617,630,511,509,232,6,1185,2024,3,0,631,635,512,506,232,7,1192,2116,3,0,634,641,504,509,232,8,1808,3223,3,0,1300,657,514,510,232,9,875,1530,3,0,477,474,381,385,231,10,1109,1968,1,0,711,426,373,255,29,232
14.08.16,09:45:00,1,1539,2252,3,0,544,549,558,377,386,388,232,2,1526,2223,3,0,540,548,554,377,381,384,232,3,1536,2223,3,0,535,555,554,379,386,384,232,4,2066,3066,3,0,1424,736,515,520,229,5,1353,1998,3,0,707,719,517,513,232,6,1355,1925,3,0,719,723,517,515,232,7,1362,2016,3,0,722,729,508,513,232,8,2057,3072,3,0,1473,744,516,517,232,9,991,1457,3,0,539,537,380,383,232,10,1254,1876,1,0,802,485,377,255,29,232
14.08.16,09:40:00,1,1422,2124,3,0,502,506,515,382,385,386,233,2,1410,2096,3,0,500,506,512,380,381,389,233,3,1420,2095,3,0,493,511,510,382,393,388,232,4,1910,2894,3,0,1315,683,515,519,229,5,1238,1885,3,0,649,661,521,512,233,6,1243,1812,3,0,661,665,518,516,233,7,1249,1903,3,0,663,672,511,510,233,8,1890,2900,3,0,1357,684,520,514,232,9,912,1374,3,0,497,494,379,386,232,10,1154,1771,1,0,741,445,377,255,29,232
14.08.16,09:35:00,1,1450,2005,3,0,513,515,526,383,384,388,233,2,1437,1978,3,0,509,517,522,380,384,390,233,3,1448,1976,3,0,502,522,521,383,391,387,233,4,1947,2735,3,0,1339,694,516,520,229,5,1262,1782,3,0,661,674,518,517,233,6,1269,1708,3,0,675,679,519,517,233,7,1275,1798,3,0,677,685,512,514,233,8,1930,2742,3,0,1383,698,519,521,233,9,931,1298,3,0,507,505,381,388,232,10,1177,1674,1,0,755,453,377,259,28,232
14.08.16,09:30:00,1,1360,1885,3,0,482,486,495,382,384,388,233,2,1350,1859,3,0,477,484,491,385,390,392,233,3,1357,1857,3,0,471,490,489,384,389,389,233,4,1829,2573,3,0,1260,654,523,524,229,5,1191,1677,3,0,624,637,521,518,233,6,1196,1603,3,0,637,641,523,518,233,7,1203,1693,3,0,640,648,513,515,233,8,1821,2583,3,0,1308,660,524,521,233,9,879,1221,3,0,478,476,386,392,232,10,1107,1577,1,0,710,427,381,258,28,233
14.08.16,09:25:00,1,1225,1772,3,0,436,438,448,385,386,391,233,2,1215,1747,3,0,431,437,443,382,389,392,233,3,1218,1744,3,0,425,442,441,386,390,389,233,4,1647,2422,3,0,1133,592,523,527,229,5,1089,1579,3,0,571,584,513,516,233,6,1089,1504,3,0,581,586,516,513,233,7,1100,1593,3,0,586,593,508,514,233,8,1664,2432,3,0,1195,604,527,523,233,9,799,1148,3,0,437,435,383,388,232,10,1005,1485,1,0,647,386,382,259,27,232
14.08.16,09:20:00,1,1055,1672,3,0,377,378,388,384,388,390,233,2,1039,1648,3,0,372,377,382,380,383,388,233,3,1041,1644,3,0,364,380,377,383,390,385,233,4,1411,2287,3,0,971,512,518,526,229,5,951,1489,3,0,498,512,507,507,233,6,951,1415,3,0,508,511,515,507,233,7,959,1503,3,0,514,519,508,502,233,8,1450,2295,3,0,1045,529,520,522,233,9,691,1083,3,0,381,379,383,386,232,10,867,1401,1,0,558,331,380,257,26,232
14.08.16,09:15:00,1,646,1585,3,0,237,233,243,367,365,371,233,2,637,1563,3,0,233,235,239,361,370,372,233,3,635,1560,3,0,227,238,234,367,376,368,233,4,875,2171,3,0,602,324,502,509,229,5,589,1412,3,0,310,323,505,503,233,6,590,1338,3,0,324,322,519,509,232,7,599,1425,3,0,326,332,506,504,233,8,913,2176,3,0,667,338,506,517,232,9,428,1027,3,0,243,238,371,368,232,10,538,1329,1,0,351,202,373,253,26,232
14.08.16,09:10:00,1,598,1534,3,0,219,216,225,380,372,375,233,2,590,1513,3,0,216,218,221,371,374,383,233,3,582,1509,3,0,210,220,216,373,384,381,233,4,806,2101,3,0,555,302,508,513,229,5,525,1365,3,0,277,288,505,493,233,6,527,1291,3,0,289,289,507,501,233,7,534,1377,3,0,290,297,503,508,233,8,815,2104,3,0,599,305,514,511,233,9,386,993,3,0,219,215,374,368,232,10,491,1285,1,0,319,186,372,251,26,232
14.08.16,09:05:00,1,897,1482,3,0,323,321,332,378,374,382,233,2,890,1461,3,0,319,322,328,378,377,383,233,3,892,1458,3,0,313,327,325,378,383,384,232,4,1212,2032,3,0,832,440,519,525,229,5,789,1320,3,0,414,429,507,514,233,6,789,1245,3,0,424,429,523,516,233,7,798,1331,3,0,428,436,502,508,233,8,1217,2033,3,0,879,447,523,523,233,9,579,959,3,0,321,319,380,382,232,10,736,1243,1,0,473,281,379,256,26,233
14.08.16,09:00:00,1,620,1408,3,0,228,225,234,364,368,372,233,2,614,1388,3,0,225,227,231,374,377,374,233,3,610,1385,3,0,219,229,226,373,376,370,233,4,850,1931,3,0,579,314,511,516,229,5,574,1254,3,0,302,315,511,506,233,6,572,1180,3,0,311,312,523,506,233,7,580,1265,3,0,315,323,508,506,233,8,879,1932,3,0,644,329,512,514,233,9,414,911,3,0,234,230,368,367,232,10,516,1182,1,0,334,195,372,253,26,233
14.08.16,08:55:00,1,581,1358,3,0,215,211,221,377,379,380,233,2,575,1339,3,0,211,212,215,369,372,377,233,3,569,1336,3,0,203,213,211,376,383,379,233,4,793,1863,3,0,537,292,512,525,229,5,539,1208,3,0,284,295,511,505,233,6,531,1134,3,0,288,292,517,510,233,7,541,1219,3,0,293,300,508,505,233,8,821,1861,3,0,600,306,511,512,233,9,386,878,3,0,218,214,376,374,232,10,481,1139,1,0,312,182,373,252,26,233
14.08.16,08:50:00,1,689,1308,3,0,254,249,256,376,378,379,233,2,683,1289,3,0,250,250,253,375,376,378,233,3,680,1286,3,0,243,254,249,376,378,370,233,4,946,1794,3,0,647,345,515,518,229,5,613,1162,3,0,323,334,505,511,233,6,604,1088,3,0,327,331,511,502,233,7,620,1172,3,0,336,342,506,507,233,8,943,1790,3,0,690,349,519,519,233,9,448,845,3,0,253,247,378,377,232,10,563,1099,1,0,365,213,377,253,26,233
14.08.16,08:45:00,1,818,1251,3,0,297,294,301,380,381,382,234,2,812,1232,3,0,294,295,298,378,378,383,234,3,813,1230,3,0,288,299,295,380,387,384,233,4,1109,1716,3,0,765,400,520,516,229,5,712,1111,3,0,375,384,512,512,234,6,702,1038,3,0,377,383,518,515,234,7,720,1120,3,0,388,393,510,512,234,8,1096,1712,3,0,795,400,519,523,234,9,521,808,3,0,291,286,378,379,233,10,669,1052,1,0,434,253,379,254,26,233
14.08.16,08:40:00,1,771,1180,3,0,281,278,286,378,377,376,235,2,763,1162,3,0,277,279,282,375,376,381,235,3,763,1159,3,0,272,283,279,378,379,372,235,4,1044,1620,3,0,725,381,516,511,229,5,683,1049,3,0,362,372,515,508,235,6,682,977,3,0,372,370,507,504,235,7,690,1058,3,0,374,380,489,506,235,8,1050,1618,3,0,766,387,505,517,235,9,500,762,3,0,282,276,377,372,234,10,641,996,1,0,414,240,376,255,26,235
14.08.16,08:35:00,1,851,1118,3,0,308,306,314,383,382,383,235,2,847,1101,3,0,305,308,311,375,378,383,235,3,850,1099,3,0,299,311,309,380,384,381,235,4,1155,1537,3,0,801,417,521,521,229,5,728,995,3,0,384,395,512,506,235,6,733,923,3,0,396,397,520,516,235,7,740,1003,3,0,398,404,504,504,235,8,1129,1534,3,0,819,413,515,523,235,9,539,723,3,0,301,296,376,376,234,10,692,943,1,0,446,262,379,256,26,235
14.08.16,08:30:00,1,969,1047,3,0,347,343,349,379,383,386,236,2,939,1030,3,0,334,335,336,380,381,382,236,3,939,1028,3,0,326,339,333,384,388,387,235,4,1262,1440,3,0,861,447,524,528,229,5,878,933,3,0,462,472,511,499,236,6,846,861,3,0,437,462,530,515,235,7,871,941,3,0,462,463,518,493,236,8,1307,1439,3,0,926,468,522,518,235,9,616,678,3,0,337,332,387,390,235,10,758,885,1,0,488,290,380,254,27,235
14.08.16,08:25:00,1,948,959,3,0,346,342,349,376,382,391,235,2,945,944,3,0,343,343,346,372,382,380,235,3,947,941,3,0,336,347,346,383,386,382,235,4,1284,1324,3,0,894,470,525,524,229,5,848,853,3,0,443,452,513,512,235,6,794,784,3,0,407,454,525,511,235,7,850,860,3,0,459,461,509,499,235,8,1303,1319,3,0,947,478,522,524,235,9,621,620,3,0,349,345,381,380,234,10,759,820,1,0,483,291,374,251,26,235
14.08.16,08:20:00,1,794,888,3,0,286,288,299,371,375,383,235,2,780,873,3,0,278,285,292,372,376,388,235,3,777,871,3,0,271,287,288,376,378,378,235,4,1055,1228,3,0,725,383,521,523,229,5,720,790,3,0,376,392,511,519,235,6,679,724,3,0,347,389,529,505,235,7,724,796,3,0,389,397,517,508,235,8,1096,1220,3,0,791,404,518,520,236,9,512,574,3,0,286,283,368,368,234,10,651,758,1,0,414,254,379,253,26,235
14.08.16,08:15:00,1,969,823,3,0,346,346,353,384,377,386,236,2,964,810,3,0,346,350,353,378,382,392,235,3,967,807,3,0,343,354,352,383,385,386,235,4,1318,1141,3,0,918,475,524,521,229,5,849,730,3,0,445,454,517,511,235,6,795,668,3,0,407,445,539,506,235,7,853,737,3,0,455,459,514,510,235,8,1283,1130,3,0,926,464,523,523,236,9,617,532,3,0,344,338,381,377,234,10,788,705,1,0,504,306,385,257,26,235
14.08.16,08:10:00,1,1606,739,3,0,568,572,580,394,396,402,236,2,1591,726,3,0,563,572,573,393,397,404,236,3,1604,723,3,0,562,575,575,396,402,397,235,4,2147,1028,3,0,1494,756,538,538,229,5,1431,658,3,0,753,759,541,529,236,6,1274,600,3,0,605,757,529,539,236,7,1444,663,3,0,768,772,532,537,236,8,2174,1019,3,0,1560,770,545,539,236,9,1051,478,3,0,575,569,396,403,235,10,1352,638,1,0,850,535,398,263,27,235
14.08.16,08:05:00,1,1251,600,3,0,454,452,455,390,387,392,236,2,1246,588,3,0,453,456,452,387,395,399,236,3,1264,585,3,0,450,458,454,394,398,399,235,4,1709,842,3,0,1194,610,540,539,229,5,1085,532,3,0,574,586,545,525,236,6,993,489,3,0,485,587,549,534,235,7,1103,537,3,0,595,602,521,535,236,8,1676,830,3,0,1221,606,535,526,236,9,810,387,3,0,450,441,401,393,235,10,1034,524,1,0,651,407,398,262,26,235
14.08.16,08:00:00,1,1074,500,3,0,387,385,397,386,377,394,236,2,1063,489,3,0,383,386,385,389,387,384,236,3,1064,485,3,0,375,386,384,401,397,388,235,4,1439,707,3,0,993,510,536,530,229,5,980,444,3,0,518,529,546,522,236,6,864,409,3,0,407,531,540,531,236,7,990,448,3,0,531,541,523,535,236,8,1482,697,3,0,1073,533,540,524,236,9,712,323,3,0,394,391,398,394,235,10,876,440,1,0,543,352,385,261,25,235
14.08.16,07:55:00,1,718,415,3,0,262,258,264,397,388,405,236,2,703,405,3,0,257,256,257,393,393,398,235,3,696,401,3,0,248,257,252,397,402,400,235,4,955,592,3,0,661,344,540,536,229,5,655,366,3,0,346,357,540,530,235,6,559,341,3,0,265,348,503,542,235,7,646,370,3,0,354,358,533,547,235,8,982,578,3,0,710,355,551,543,236,9,463,267,3,0,261,257,393,401,234,10,562,368,1,0,354,220,378,260,24,235
14.08.16,07:50:00,1,1208,351,3,0,431,435,438,408,406,416,236,2,1194,343,3,0,429,432,430,401,407,410,236,3,1202,338,3,0,425,434,432,403,412,408,236,4,1624,507,3,0,1129,575,548,551,229,5,1069,308,3,0,560,576,545,541,236,6,889,292,3,0,389,570,516,545,236,7,1067,312,3,0,568,578,545,551,236,8,1609,492,3,0,1152,577,558,556,236,9,769,226,3,0,423,420,405,413,235,10,990,320,1,0,619,398,388,271,24,235
14.08.16,07:45:00,1,683,252,3,0,253,247,255,386,382,390,236,2,675,245,3,0,250,249,251,384,386,390,236,3,674,240,3,0,243,252,248,382,392,385,236,4,929,374,3,0,653,335,535,533,229,5,599,221,3,0,319,329,538,531,236,6,574,219,3,0,307,326,541,530,236,7,607,226,3,0,332,338,522,534,236,8,924,361,3,0,673,338,535,536,235,9,436,164,3,0,251,245,387,385,235,10,563,238,1,0,367,212,390,264,23,235
14.08.16,07:40:00,1,474,198,3,0,180,175,182,391,387,399,235,2,466,191,3,0,176,177,178,388,386,391,235,3,464,186,3,0,171,179,175,390,398,388,235,4,652,299,3,0,457,238,529,535,229,5,418,174,3,0,225,235,545,542,236,6,411,173,3,0,229,232,551,540,235,7,427,177,3,0,239,243,534,538,235,8,655,287,3,0,485,244,531,544,235,9,308,129,3,0,182,176,394,387,235,10,400,192,1,0,267,151,385,260,23,235
14.08.16,07:35:00,1,311,160,3,0,122,116,123,391,384,389,236,2,305,154,3,0,118,117,118,392,390,398,235,3,301,149,3,0,113,119,117,387,395,382,235,4,437,247,3,0,302,164,516,519,229,5,275,140,3,0,148,157,549,552,235,6,271,140,3,0,155,155,551,543,236,7,281,143,3,0,159,165,538,545,235,8,433,234,3,0,330,164,519,547,235,9,204,104,3,0,124,119,397,392,234,10,264,158,1,0,179,101,375,256,22,235
14.08.16,07:30:00,1,282,135,3,0,112,106,113,387,379,387,235,2,278,129,3,0,109,107,108,391,391,399,236,3,275,125,3,0,104,110,107,382,388,380,235,4,401,211,3,0,276,149,514,513,229,5,245,118,3,0,133,139,542,552,236,6,245,118,3,0,143,141,545,536,236,7,251,121,3,0,145,148,534,546,235,8,387,199,3,0,299,149,519,551,236,9,184,88,3,0,113,106,391,393,234,10,241,136,1,0,160,91,373,254,22,235
14.08.16,07:25:00,1,265,111,3,0,106,101,106,391,385,399,236,2,262,106,3,0,103,103,103,398,386,397,236,3,256,102,3,0,98,103,101,395,397,390,235,4,379,178,3,0,264,141,515,532,229,5,234,98,3,0,126,135,547,549,236,6,230,98,3,0,135,131,557,549,236,7,236,100,3,0,138,140,538,549,236,8,369,167,3,0,285,142,517,548,236,9,173,73,3,0,107,102,401,390,235,10,232,116,1,0,155,89,372,253,22,235
14.08.16,07:20:00,1,231,89,3,0,93,88,95,395,386,392,236,2,226,85,3,0,91,90,89,388,384,397,236,3,220,81,3,0,86,89,90,391,402,378,235,4,330,147,3,0,229,125,501,527,229,5,209,79,3,0,112,123,544,542,236,6,207,79,3,0,124,119,549,545,236,7,211,80,3,0,124,128,534,543,236,8,329,136,3,0,255,128,511,542,236,9,152,58,3,0,97,91,394,389,235,10,210,97,1,0,139,81,369,250,22,235
14.08.16,07:15:00,1,228,70,3,0,92,87,93,396,390,398,236,2,224,66,3,0,90,89,89,389,385,397,235,3,217,63,3,0,85,88,88,391,403,382,235,4,328,120,3,0,229,124,504,527,229,5,205,61,3,0,112,119,540,551,236,6,204,62,3,0,123,117,550,545,236,7,208,63,3,0,122,126,538,540,236,8,324,109,3,0,252,127,511,544,236,9,149,46,3,0,95,90,396,396,234,10,209,79,1,0,140,81,370,251,22,235
14.08.16,07:10:00,1,189,51,3,0,78,73,78,401,394,406,236,2,184,47,3,0,75,75,75,401,390,396,235,3,177,45,3,0,70,74,73,400,403,395,235,4,278,92,3,0,195,106,502,519,229,5,172,44,3,0,95,101,542,551,235,6,167,45,3,0,104,97,557,554,235,7,172,46,3,0,103,106,547,548,235,8,269,82,3,0,216,104,519,561,236,9,124,33,3,0,81,77,405,390,235,10,181,62,1,0,123,71,366,246,21,235
14.08.16,07:05:00,1,116,36,3,0,51,47,52,412,396,407,236,2,111,33,3,0,49,48,47,408,400,411,236,3,105,31,3,0,44,48,46,405,410,402,235,4,182,70,3,0,128,73,518,530,229,5,104,31,3,0,57,66,560,561,236,6,103,31,3,0,70,63,561,557,236,7,105,32,3,0,66,72,559,554,236,8,176,60,3,0,150,70,526,559,236,9,77,23,3,0,54,51,414,403,235,10,122,47,1,0,87,50,361,226,21,235
14.08.16,07:00:00,1,83,27,3,0,40,36,41,411,397,408,236,2,77,24,3,0,36,37,34,414,403,415,236,3,71,22,3,0,32,37,34,409,408,405,235,4,145,55,3,0,106,58,490,536,229,5,66,23,3,0,36,46,575,574,236,6,70,23,3,0,51,46,570,561,235,7,73,24,3,0,51,53,558,564,236,8,135,46,3,0,117,59,535,543,236,9,55,17,3,0,43,37,412,407,235,10,96,37,1,0,71,40,357,217,21,235
14.08.16,06:55:00,1,80,20,3,0,40,34,40,409,396,407,236,2,73,18,3,0,36,35,32,413,405,418,236,3,68,17,3,0,32,36,32,407,406,409,236,4,140,43,3,0,103,55,499,533,229,5,64,17,3,0,34,45,575,571,236,6,67,18,3,0,50,45,570,560,236,7,68,18,3,0,49,50,557,567,236,8,131,35,3,0,115,56,526,545,236,9,50,13,3,0,40,35,418,409,235,10,93,29,1,0,68,39,355,216,21,235
14.08.16,06:50:00,1,70,14,3,0,35,30,37,414,400,406,236,2,64,12,3,0,31,31,30,416,404,414,236,3,57,11,3,0,28,32,29,411,409,407,236,4,128,32,3,0,95,51,495,533,229,5,53,12,3,0,30,39,576,577,236,6,56,12,3,0,45,38,574,566,236,7,56,12,3,0,41,44,567,569,236,8,120,24,3,0,105,54,531,537,236,9,45,9,3,0,38,33,416,406,235,10,85,21,1,0,64,34,355,216,21,235
14.08.16,06:45:00,1,37,8,3,0,23,19,24,417,402,413,236,2,33,7,3,0,21,20,19,416,404,412,236,3,30,6,3,0,18,20,22,407,412,397,236,4,88,21,3,0,64,41,516,510,229,5,30,8,3,0,19,26,570,573,236,6,29,8,3,0,31,24,576,567,236,7,32,8,3,0,30,32,561,568,236,8,78,14,3,0,76,40,534,536,236,9,24,5,3,0,27,23,420,408,235,10,60,14,1,0,46,29,318,211,20,235
14.08.16,06:40:00,1,27,5,3,0,17,16,20,413,387,400,236,2,19,4,3,0,13,16,16,416,394,397,236,3,23,4,3,0,16,17,19,390,398,375,235,4,63,14,3,0,47,35,513,474,229,5,25,5,3,0,18,23,550,557,236,6,27,5,3,0,28,23,555,543,236,7,26,5,3,0,28,28,536,550,236,8,53,8,3,0,58,31,529,530,236,9,15,0,3,0,21,20,414,395,235,10,45,9,1,0,36,23,314,211,20,235
14.08.16,06:35:00,1,25,3,3,0,16,15,20,406,378,389,236,2,18,0,3,0,13,15,16,409,386,388,236,3,21,2,3,0,16,17,19,379,387,362,236,4,55,9,3,0,42,31,512,467,229,5,24,3,3,0,18,23,539,547,236,6,26,3,3,0,28,23,545,531,236,7,25,3,3,0,27,28,525,539,236,8,48,4,3,0,53,30,523,514,236,9,15,0,3,0,21,20,407,385,235,10,39,5,1,0,33,21,308,205,20,235
14.08.16,06:30:00,1,5,1,3,0,5,3,5,321,390,400,82,2,7,0,3,0,7,7,7,355,377,379,141,3,2,0,3,0,2,3,2,394,311,386,59,4,32,5,3,0,30,18,471,496,229,5,10,1,3,0,7,10,536,537,130,6,9,1,3,0,12,8,455,535,118,7,7,1,3,0,9,9,539,531,94,8,9,0,3,0,12,5,544,548,71,9,5,0,3,0,9,8,369,386,129,10,18,2,1,0,18,12,331,220,19,235
14.08.16,06:25:00,1,0,0,1,0,0,0,0,219,375,390,0,2,0,0,1,0,0,0,0,174,369,377,0,3,0,0,1,0,0,0,0,294,290,359,0,4,14,0,3,0,18,13,435,451,229,5,0,0,1,0,0,0,536,213,0,6,0,0,1,0,0,0,197,537,0,7,0,0,1,0,0,0,458,274,0,8,0,0,1,0,0,0,527,538,0,9,0,0,1,0,0,0,223,392,0,10,0,0,7,0,0,0,368,249,19,235
14.08.16,06:20:00,1,0,0,1,0,0,0,0,221,362,377,0,2,0,0,1,0,0,0,0,157,355,362,0,3,0,0,1,0,0,0,0,195,366,343,0,4,7,0,3,0,11,8,430,446,183,5,0,0,1,0,0,0,485,255,0,6,0,0,1,0,0,0,240,519,0,7,0,0,1,0,0,0,212,524,0,8,0,0,1,0,0,0,504,521,0,9,0,0,1,0,0,0,167,380,0,10,0,0,7,0,0,0,363,246,19,234
14.08.16,06:15:00,1,0,0,1,0,0,0,0,175,345,355,0,2,0,0,1,0,0,0,0,145,335,339,0,3,0,0,1,0,0,0,0,174,341,320,0,4,0,0,1,0,0,0,290,437,0,5,0,0,1,0,0,0,426,272,0,6,0,0,1,0,0,0,232,491,0,7,0,0,1,0,0,0,220,498,0,8,0,0,1,0,0,0,342,499,0,9,0,0,1,0,0,0,194,363,0,10,0,0,7,0,0,0,355,242,19,234
14.08.16,06:10:00,1,0,0,1,0,0,0,0,171,325,326,0,2,0,0,1,0,0,0,0,189,307,307,0,3,0,0,1,0,0,0,0,165,308,295,0,4,0,0,1,0,0,0,299,353,0,5,0,0,1,0,0,0,179,482,0,6,0,0,1,0,0,0,234,454,0,7,0,0,1,0,0,0,141,466,0,8,0,0,1,0,0,0,142,474,0,9,0,0,1,0,0,0,236,337,0,10,0,0,7,0,0,0,58,40,3,39
14.08.16,06:05:00,1,0,0,1,0,0,0,0,166,283,283,0,2,0,0,1,0,0,0,0,157,259,259,0,3,0,0,1,0,0,0,0,114,271,175,0,4,0,0,1,0,0,0,85,208,0,5,0,0,1,0,0,0,119,341,0,6,0,0,1,0,0,0,83,83,0,7,0,0,1,0,0,0,61,157,0,8,0,0,1,0,0,0,181,239,0,9,0,0,1,0,0,0,47,103,0,10,0,0,0,0,0,0,0,0,0,0
14.08.16,06:00:00,1,0,0,1,0,0,0,0,193,78,78,0,2,0,0,1,0,0,0,0,180,67,67,0,3,0,0,1,0,0,0,0,0,45,0,0,4,0,0,0,0,0,0,0,0,0,5,0,0,0,0,0,0,0,0,0,6,0,0,0,0,0,0,0,0,0,7,0,0,0,0,0,0,0,0,0,8,0,0,0,0,0,0,0,0,0,9,0,0,0,0,0,0,0,0,0,10,0,0,0,0,0,0,0,0,0,0
14.08.16,05:55:00,1,0,0,1,0,0,0,0,40,0,0,0,2,0,0,1,0,0,0,0,104,0,0,0,3,0,0,1,0,0,0,0,0,104,0,0,4,0,0,0,0,0,0,0,0,0,5,0,0,0,0,0,0,0,0,0,6,0,0,0,0,0,0,0,0,0,7,0,0,0,0,0,0,0,0,0,8,0,0,0,0,0,0,0,0,0,9,0,0,0,0,0,0,0,0,0,10,0,0,0,0,0,0,0,0,0,0
14.08.16,05:50:00,1,0,0,1,0,0,0,0,0,0,0,0,2,0,0,1,0,0,0,0,146,0,0,0,3,0,0,0,0,0,0,0,0,0,0,0,4,0,0,0,0,0,0,0,0,0,5,0,0,0,0,0,0,0,0,0,6,0,0,0,0,0,0,0,0,0,7,0,0,0,0,0,0,0,0,0,8,0,0,0,0,0,0,0,0,0,9,0,0,0,0,0,0,0,0,0,10,0,0,0,0,0,0,0,0,0,0
14.08.16,05:45:00,1,0,0,0,0,0,0,0,0,0,0,0,2,0,0,0,0,0,0,0,0,0,0,0,3,0,0,0,0,0,0,0,0,0,0,0,4,0,0,0,0,0,0,42,41,0,5,0,0,1,0,0,0,0,0,0,6,0,0,0,0,0,0,0,0,0,7,0,0,0,0,0,0,0,0,0,8,0,0,0,0,0,0,0,0,0,9,0,0,0,0,0,0,0,0,0,10,0,0,0,0,0,0,0,0,0,0
