#Date;Time;INV;Pac;DaySum;Status;Error;Pdc1;Pdc2;Pdc3;Udc1;Udc2;Udc3;Uac;INV;Pac;DaySum;Status;Error;Pdc1;Pdc2;Pdc3;Udc1;Udc2;Udc3;Uac;INV;Pac;DaySum;Status;Error;Pdc1;Pdc2;Pdc3;Udc1;Udc2;Udc3;Uac;INV;Pac;DaySum;Status;Error;Pdc1;Pdc2;Udc1;Udc2;Uac;INV;Pac;DaySum;Status;Error;Pdc1;Pdc2;Pdc3;Udc1;Udc2;Udc3;Uac;INV;Pac;DaySum;Status;Error;Pdc1;Pdc2;Pdc3;Udc1;Udc2;Udc3;Uac;INV;Pac;DaySum;Status;Error;Pdc1;Pdc2;Pdc3;Udc1;Udc2;Udc3;Uac;INV;Pac;DaySum;Status;Error;Pdc1;Pdc2;Udc1;Udc2;Uac;INV;Pac;DaySum;Status;Error;Pdc1;Pdc2;Udc1;Udc2;Uac;INV;Pac;DaySum;Status;Error;Pdc1;Pdc2;Udc1;Udc2;Temp;Uac;Idc1;Idc2;Iac
18.03.18;23:55:00;1;0;12754;0;0;0;0;0;0;0;0;0;2;0;12538;0;0;0;0;0;0;0;0;0;3;0;12490;0;0;0;0;0;0;0;0;0;4;0;16762;0;0;0;0;0;0;0;5;0;11537;0;0;0;0;0;0;0;0;0;6;0;11579;0;0;0;0;0;0;0;0;0;7;0;11552;0;0;0;0;0;0;0;0;0;8;0;17426;0;0;0;0;0;0;0;9;0;8323;0;0;0;0;0;0;0;10;0;0;0;0;0;0;0;0;0;0;0;0;0
18.03.18;23:50:00;1;0;12754;0;0;0;0;0;0;0;0;0;2;0;12538;0;0;0;0;0;0;0;0;0;3;0;12490;0;0;0;0;0;0;0;0;0;4;0;16762;0;0;0;0;0;0;0;5;0;11537;0;0;0;0;0;0;0;0;0;6;0;11579;0;0;0;0;0;0;0;0;0;7;0;11552;0;0;0;0;0;0;0;0;0;8;0;17426;0;0;0;0;0;0;0;9;0;8323;0;0;0;0;0;0;0;10;0;0;0;0;0;0;0;0;0;0;0;0;0
18.03.18;23:45:00;1;0;12754;0;0;0;0;0;0;0;0;0;2;0;12538;0;0;0;0;0;0;0;0;0;3;0;12490;0;0;0;0;0;0;0;0;0;4;0;16762;0;0;0;0;0;0;0;5;0;11537;0;0;0;0;0;0;0;0;0;6;0;11579;0;0;0;0;0;0;0;0;0;7;0;11552;0;0;0;0;0;0;0;0;0;8;0;17426;0;0;0;0;0;0;0;9;0;8323;0;0;0;0;0;0;0;10;0;0;0;0;0;0;0;0;0;0;0;0;0
18.03.18;23:40:00;1;0;12754;0;0;0;0;0;0;0;0;0;2;0;12538;0;0;0;0;0;0;0;0;0;3;0;12490;0;0;0;0;0;0;0;0;0;4;0;16762;0;0;0;0;0;0;0;5;0;11537;0;0;0;0;0;0;0;0;0;6;0;11579;0;0;0;0;0;0;0;0;0;7;0;11552;0;0;0;0;0;0;0;0;0;8;0;17426;0;0;0;0;0;0;0;9;0;8323;0;0;0;0;0;0;0;10;0;0;0;0;0;0;0;0;0;0;0;0;0
18.03.18;23:35:00;1;0;12754;0;0;0;0;0;0;0;0;0;2;0;12538;0;0;0;0;0;0;0;0;0;3;0;12490;0;0;0;0;0;0;0;0;0;4;0;16762;0;0;0;0;0;0;0;5;0;11537;0;0;0;0;0;0;0;0;0;6;0;11579;0;0;0;0;0;0;0;0;0;7;0;11552;0;0;0;0;0;0;0;0;0;8;0;17426;0;0;0;0;0;0;0;9;0;8323;0;0;0;0;0;0;0;10;0;0;0;0;0;0;0;0;0;0;0;0;0
18.03.18;23:30:00;1;0;12754;0;0;0;0;0;0;0;0;0;2;0;12538;0;0;0;0;0;0;0;0;0;3;0;12490;0;0;0;0;0;0;0;0;0;4;0;16762;0;0;0;0;0;0;0;5;0;11537;0;0;0;0;0;0;0;0;0;6;0;11579;0;0;0;0;0;0;0;0;0;7;0;11552;0;0;0;0;0;0;0;0;0;8;0;17426;0;0;0;0;0;0;0;9;0;8323;0;0;0;0;0;0;0;10;0;0;0;0;0;0;0;0;0;0;0;0;0
18.03.18;23:25:00;1;0;12754;0;0;0;0;0;0;0;0;0;2;0;12538;0;0;0;0;0;0;0;0;0;3;0;12490;0;0;0;0;0;0;0;0;0;4;0;16762;0;0;0;0;0;0;0;5;0;11537;0;0;0;0;0;0;0;0;0;6;0;11579;0;0;0;0;0;0;0;0;0;7;0;11552;0;0;0;0;0;0;0;0;0;8;0;17426;0;0;0;0;0;0;0;9;0;8323;0;0;0;0;0;0;0;10;0;0;0;0;0;0;0;0;0;0;0;0;0
18.03.18;23:20:00;1;0;12754;0;0;0;0;0;0;0;0;0;2;0;12538;0;0;0;0;0;0;0;0;0;3;0;12490;0;0;0;0;0;0;0;0;0;4;0;16762;0;0;0;0;0;0;0;5;0;11537;0;0;0;0;0;0;0;0;0;6;0;11579;0;0;0;0;0;0;0;0;0;7;0;11552;0;0;0;0;0;0;0;0;0;8;0;17426;0;0;0;0;0;0;0;9;0;8323;0;0;0;0;0;0;0;10;0;0;0;0;0;0;0;0;0;0;0;0;0
18.03.18;23:15:00;1;0;12754;0;0;0;0;0;0;0;0;0;2;0;12538;0;0;0;0;0;0;0;0;0;3;0;12490;0;0;0;0;0;0;0;0;0;4;0;16762;0;0;0;0;0;0;0;5;0;11537;0;0;0;0;0;0;0;0;0;6;0;11579;0;0;0;0;0;0;0;0;0;7;0;11552;0;0;0;0;0;0;0;0;0;8;0;17426;0;0;0;0;0;0;0;9;0;8323;0;0;0;0;0;0;0;10;0;0;0;0;0;0;0;0;0;0;0;0;0
18.03.18;23:10:00;1;0;12754;0;0;0;0;0;0;0;0;0;2;0;12538;0;0;0;0;0;0;0;0;0;3;0;12490;0;0;0;0;0;0;0;0;0;4;0;16762;0;0;0;0;0;0;0;5;0;11537;0;0;0;0;0;0;0;0;0;6;0;11579;0;0;0;0;0;0;0;0;0;7;0;11552;0;0;0;0;0;0;0;0;0;8;0;17426;0;0;0;0;0;0;0;9;0;8323;0;0;0;0;0;0;0;10;0;0;0;0;0;0;0;0;0;0;0;0;0
18.03.18;23:05:00;1;0;12754;0;0;0;0;0;0;0;0;0;2;0;12538;0;0;0;0;0;0;0;0;0;3;0;12490;0;0;0;0;0;0;0;0;0;4;0;16762;0;0;0;0;0;0;0;5;0;11537;0;0;0;0;0;0;0;0;0;6;0;11579;0;0;0;0;0;0;0;0;0;7;0;11552;0;0;0;0;0;0;0;0;0;8;0;17426;0;0;0;0;0;0;0;9;0;8323;0;0;0;0;0;0;0;10;0;0;0;0;0;0;0;0;0;0;0;0;0
18.03.18;23:00:00;1;0;12754;0;0;0;0;0;0;0;0;0;2;0;12538;0;0;0;0;0;0;0;0;0;3;0;12490;0;0;0;0;0;0;0;0;0;4;0;16762;0;0;0;0;0;0;0;5;0;11537;0;0;0;0;0;0;0;0;0;6;0;11579;0;0;0;0;0;0;0;0;0;7;0;11552;0;0;0;0;0;0;0;0;0;8;0;17426;0;0;0;0;0;0;0;9;0;8323;0;0;0;0;0;0;0;10;0;0;0;0;0;0;0;0;0;0;0;0;0
18.03.18;22:55:00;1;0;12754;0;0;0;0;0;0;0;0;0;2;0;12538;0;0;0;0;0;0;0;0;0;3;0;12490;0;0;0;0;0;0;0;0;0;4;0;16762;0;0;0;0;0;0;0;5;0;11537;0;0;0;0;0;0;0;0;0;6;0;11579;0;0;0;0;0;0;0;0;0;7;0;11552;0;0;0;0;0;0;0;0;0;8;0;17426;0;0;0;0;0;0;0;9;0;8323;0;0;0;0;0;0;0;10;0;0;0;0;0;0;0;0;0;0;0;0;0
18.03.18;22:50:00;1;0;12754;0;0;0;0;0;0;0;0;0;2;0;12538;0;0;0;0;0;0;0;0;0;3;0;12490;0;0;0;0;0;0;0;0;0;4;0;16762;0;0;0;0;0;0;0;5;0;11537;0;0;0;0;0;0;0;0;0;6;0;11579;0;0;0;0;0;0;0;0;0;7;0;11552;0;0;0;0;0;0;0;0;0;8;0;17426;0;0;0;0;0;0;0;9;0;8323;0;0;0;0;0;0;0;10;0;0;0;0;0;0;0;0;0;0;0;0;0
18.03.18;22:45:00;1;0;12754;0;0;0;0;0;0;0;0;0;2;0;12538;0;0;0;0;0;0;0;0;0;3;0;12490;0;0;0;0;0;0;0;0;0;4;0;16762;0;0;0;0;0;0;0;5;0;11537;0;0;0;0;0;0;0;0;0;6;0;11579;0;0;0;0;0;0;0;0;0;7;0;11552;0;0;0;0;0;0;0;0;0;8;0;17426;0;0;0;0;0;0;0;9;0;8323;0;0;0;0;0;0;0;10;0;0;0;0;0;0;0;0;0;0;0;0;0
18.03.18;22:40:00;1;0;12754;0;0;0;0;0;0;0;0;0;2;0;12538;0;0;0;0;0;0;0;0;0;3;0;12490;0;0;0;0;0;0;0;0;0;4;0;16762;0;0;0;0;0;0;0;5;0;11537;0;0;0;0;0;0;0;0;0;6;0;11579;0;0;0;0;0;0;0;0;0;7;0;11552;0;0;0;0;0;0;0;0;0;8;0;17426;0;0;0;0;0;0;0;9;0;8323;0;0;0;0;0;0;0;10;0;0;0;0;0;0;0;0;0;0;0;0;0
18.03.18;22:35:00;1;0;12754;0;0;0;0;0;0;0;0;0;2;0;12538;0;0;0;0;0;0;0;0;0;3;0;12490;0;0;0;0;0;0;0;0;0;4;0;16762;0;0;0;0;0;0;0;5;0;11537;0;0;0;0;0;0;0;0;0;6;0;11579;0;0;0;0;0;0;0;0;0;7;0;11552;0;0;0;0;0;0;0;0;0;8;0;17426;0;0;0;0;0;0;0;9;0;8323;0;0;0;0;0;0;0;10;0;0;0;0;0;0;0;0;0;0;0;0;0
18.03.18;22:30:00;1;0;12754;0;0;0;0;0;0;0;0;0;2;0;12538;0;0;0;0;0;0;0;0;0;3;0;12490;0;0;0;0;0;0;0;0;0;4;0;16762;0;0;0;0;0;0;0;5;0;11537;0;0;0;0;0;0;0;0;0;6;0;11579;0;0;0;0;0;0;0;0;0;7;0;11552;0;0;0;0;0;0;0;0;0;8;0;17426;0;0;0;0;0;0;0;9;0;8323;0;0;0;0;0;0;0;10;0;0;0;0;0;0;0;0;0;0;0;0;0
18.03.18;22:25:00;1;0;12754;0;0;0;0;0;0;0;0;0;2;0;12538;0;0;0;0;0;0;0;0;0;3;0;12490;0;0;0;0;0;0;0;0;0;4;0;16762;0;0;0;0;0;0;0;5;0;11537;0;0;0;0;0;0;0;0;0;6;0;11579;0;0;0;0;0;0;0;0;0;7;0;11552;0;0;0;0;0;0;0;0;0;8;0;17426;0;0;0;0;0;0;0;9;0;8323;0;0;0;0;0;0;0;10;0;0;0;0;0;0;0;0;0;0;0;0;0
18.03.18;22:20:00;1;0;12754;0;0;0;0;0;0;0;0;0;2;0;12538;0;0;0;0;0;0;0;0;0;3;0;12490;0;0;0;0;0;0;0;0;0;4;0;16762;0;0;0;0;0;0;0;5;0;11537;0;0;0;0;0;0;0;0;0;6;0;11579;0;0;0;0;0;0;0;0;0;7;0;11552;0;0;0;0;0;0;0;0;0;8;0;17426;0;0;0;0;0;0;0;9;0;8323;0;0;0;0;0;0;0;10;0;0;0;0;0;0;0;0;0;0;0;0;0
18.03.18;22:15:00;1;0;12754;0;0;0;0;0;0;0;0;0;2;0;12538;0;0;0;0;0;0;0;0;0;3;0;12490;0;0;0;0;0;0;0;0;0;4;0;16762;0;0;0;0;0;0;0;5;0;11537;0;0;0;0;0;0;0;0;0;6;0;11579;0;0;0;0;0;0;0;0;0;7;0;11552;0;0;0;0;0;0;0;0;0;8;0;17426;0;0;0;0;0;0;0;9;0;8323;0;0;0;0;0;0;0;10;0;0;0;0;0;0;0;0;0;0;0;0;0
18.03.18;22:10:00;1;0;12754;0;0;0;0;0;0;0;0;0;2;0;12538;0;0;0;0;0;0;0;0;0;3;0;12490;0;0;0;0;0;0;0;0;0;4;0;16762;0;0;0;0;0;0;0;5;0;11537;0;0;0;0;0;0;0;0;0;6;0;11579;0;0;0;0;0;0;0;0;0;7;0;11552;0;0;0;0;0;0;0;0;0;8;0;17426;0;0;0;0;0;0;0;9;0;8323;0;0;0;0;0;0;0;10;0;0;0;0;0;0;0;0;0;0;0;0;0
18.03.18;22:05:00;1;0;12754;0;0;0;0;0;0;0;0;0;2;0;12538;0;0;0;0;0;0;0;0;0;3;0;12490;0;0;0;0;0;0;0;0;0;4;0;16762;0;0;0;0;0;0;0;5;0;11537;0;0;0;0;0;0;0;0;0;6;0;11579;0;0;0;0;0;0;0;0;0;7;0;11552;0;0;0;0;0;0;0;0;0;8;0;17426;0;0;0;0;0;0;0;9;0;8323;0;0;0;0;0;0;0;10;0;0;0;0;0;0;0;0;0;0;0;0;0
18.03.18;22:00:00;1;0;12754;0;0;0;0;0;0;0;0;0;2;0;12538;0;0;0;0;0;0;0;0;0;3;0;12490;0;0;0;0;0;0;0;0;0;4;0;16762;0;0;0;0;0;0;0;5;0;11537;0;0;0;0;0;0;0;0;0;6;0;11579;0;0;0;0;0;0;0;0;0;7;0;11552;0;0;0;0;0;0;0;0;0;8;0;17426;0;0;0;0;0;0;0;9;0;8323;0;0;0;0;0;0;0;10;0;0;0;0;0;0;0;0;0;0;0;0;0
18.03.18;21:55:00;1;0;12754;0;0;0;0;0;0;0;0;0;2;0;12538;0;0;0;0;0;0;0;0;0;3;0;12490;0;0;0;0;0;0;0;0;0;4;0;16762;0;0;0;0;0;0;0;5;0;11537;0;0;0;0;0;0;0;0;0;6;0;11579;0;0;0;0;0;0;0;0;0;7;0;11552;0;0;0;0;0;0;0;0;0;8;0;17426;0;0;0;0;0;0;0;9;0;8323;0;0;0;0;0;0;0;10;0;0;0;0;0;0;0;0;0;0;0;0;0
18.03.18;21:50:00;1;0;12754;0;0;0;0;0;0;0;0;0;2;0;12538;0;0;0;0;0;0;0;0;0;3;0;12490;0;0;0;0;0;0;0;0;0;4;0;16762;0;0;0;0;0;0;0;5;0;11537;0;0;0;0;0;0;0;0;0;6;0;11579;0;0;0;0;0;0;0;0;0;7;0;11552;0;0;0;0;0;0;0;0;0;8;0;17426;0;0;0;0;0;0;0;9;0;8323;0;0;0;0;0;0;0;10;0;0;0;0;0;0;0;0;0;0;0;0;0
18.03.18;21:45:00;1;0;12754;0;0;0;0;0;0;0;0;0;2;0;12538;0;0;0;0;0;0;0;0;0;3;0;12490;0;0;0;0;0;0;0;0;0;4;0;16762;0;0;0;0;0;0;0;5;0;11537;0;0;0;0;0;0;0;0;0;6;0;11579;0;0;0;0;0;0;0;0;0;7;0;11552;0;0;0;0;0;0;0;0;0;8;0;17426;0;0;0;0;0;0;0;9;0;8323;0;0;0;0;0;0;0;10;0;0;0;0;0;0;0;0;0;0;0;0;0
18.03.18;21:40:00;1;0;12754;0;0;0;0;0;0;0;0;0;2;0;12538;0;0;0;0;0;0;0;0;0;3;0;12490;0;0;0;0;0;0;0;0;0;4;0;16762;0;0;0;0;0;0;0;5;0;11537;0;0;0;0;0;0;0;0;0;6;0;11579;0;0;0;0;0;0;0;0;0;7;0;11552;0;0;0;0;0;0;0;0;0;8;0;17426;0;0;0;0;0;0;0;9;0;8323;0;0;0;0;0;0;0;10;0;0;0;0;0;0;0;0;0;0;0;0;0
18.03.18;21:35:00;1;0;12754;0;0;0;0;0;0;0;0;0;2;0;12538;0;0;0;0;0;0;0;0;0;3;0;12490;0;0;0;0;0;0;0;0;0;4;0;16762;0;0;0;0;0;0;0;5;0;11537;0;0;0;0;0;0;0;0;0;6;0;11579;0;0;0;0;0;0;0;0;0;7;0;11552;0;0;0;0;0;0;0;0;0;8;0;17426;0;0;0;0;0;0;0;9;0;8323;0;0;0;0;0;0;0;10;0;0;0;0;0;0;0;0;0;0;0;0;0
18.03.18;21:30:00;1;0;12754;0;0;0;0;0;0;0;0;0;2;0;12538;0;0;0;0;0;0;0;0;0;3;0;12490;0;0;0;0;0;0;0;0;0;4;0;16762;0;0;0;0;0;0;0;5;0;11537;0;0;0;0;0;0;0;0;0;6;0;11579;0;0;0;0;0;0;0;0;0;7;0;11552;0;0;0;0;0;0;0;0;0;8;0;17426;0;0;0;0;0;0;0;9;0;8323;0;0;0;0;0;0;0;10;0;0;0;0;0;0;0;0;0;0;0;0;0
18.03.18;21:25:00;1;0;12754;0;0;0;0;0;0;0;0;0;2;0;12538;0;0;0;0;0;0;0;0;0;3;0;12490;0;0;0;0;0;0;0;0;0;4;0;16762;0;0;0;0;0;0;0;5;0;11537;0;0;0;0;0;0;0;0;0;6;0;11579;0;0;0;0;0;0;0;0;0;7;0;11552;0;0;0;0;0;0;0;0;0;8;0;17426;0;0;0;0;0;0;0;9;0;8323;0;0;0;0;0;0;0;10;0;0;0;0;0;0;0;0;0;0;0;0;0
18.03.18;21:20:00;1;0;12754;0;0;0;0;0;0;0;0;0;2;0;12538;0;0;0;0;0;0;0;0;0;3;0;12490;0;0;0;0;0;0;0;0;0;4;0;16762;0;0;0;0;0;0;0;5;0;11537;0;0;0;0;0;0;0;0;0;6;0;11579;0;0;0;0;0;0;0;0;0;7;0;11552;0;0;0;0;0;0;0;0;0;8;0;17426;0;0;0;0;0;0;0;9;0;8323;0;0;0;0;0;0;0;10;0;0;0;0;0;0;0;0;0;0;0;0;0
18.03.18;21:15:00;1;0;12754;0;0;0;0;0;0;0;0;0;2;0;12538;0;0;0;0;0;0;0;0;0;3;0;12490;0;0;0;0;0;0;0;0;0;4;0;16762;0;0;0;0;0;0;0;5;0;11537;0;0;0;0;0;0;0;0;0;6;0;11579;0;0;0;0;0;0;0;0;0;7;0;11552;0;0;0;0;0;0;0;0;0;8;0;17426;0;0;0;0;0;0;0;9;0;8323;0;0;0;0;0;0;0;10;0;0;0;0;0;0;0;0;0;0;0;0;0
18.03.18;21:10:00;1;0;12754;0;0;0;0;0;0;0;0;0;2;0;12538;0;0;0;0;0;0;0;0;0;3;0;12490;0;0;0;0;0;0;0;0;0;4;0;16762;0;0;0;0;0;0;0;5;0;11537;0;0;0;0;0;0;0;0;0;6;0;11579;0;0;0;0;0;0;0;0;0;7;0;11552;0;0;0;0;0;0;0;0;0;8;0;17426;0;0;0;0;0;0;0;9;0;8323;0;0;0;0;0;0;0;10;0;0;0;0;0;0;0;0;0;0;0;0;0
18.03.18;21:05:00;1;0;12754;0;0;0;0;0;0;0;0;0;2;0;12538;0;0;0;0;0;0;0;0;0;3;0;12490;0;0;0;0;0;0;0;0;0;4;0;16762;0;0;0;0;0;0;0;5;0;11537;0;0;0;0;0;0;0;0;0;6;0;11579;0;0;0;0;0;0;0;0;0;7;0;11552;0;0;0;0;0;0;0;0;0;8;0;17426;0;0;0;0;0;0;0;9;0;8323;0;0;0;0;0;0;0;10;0;0;0;0;0;0;0;0;0;0;0;0;0
18.03.18;21:00:00;1;0;12754;0;0;0;0;0;0;0;0;0;2;0;12538;0;0;0;0;0;0;0;0;0;3;0;12490;0;0;0;0;0;0;0;0;0;4;0;16762;0;0;0;0;0;0;0;5;0;11537;0;0;0;0;0;0;0;0;0;6;0;11579;0;0;0;0;0;0;0;0;0;7;0;11552;0;0;0;0;0;0;0;0;0;8;0;17426;0;0;0;0;0;0;0;9;0;8323;0;0;0;0;0;0;0;10;0;0;0;0;0;0;0;0;0;0;0;0;0
18.03.18;20:55:00;1;0;12754;0;0;0;0;0;0;0;0;0;2;0;12538;0;0;0;0;0;0;0;0;0;3;0;12490;0;0;0;0;0;0;0;0;0;4;0;16762;0;0;0;0;0;0;0;5;0;11537;0;0;0;0;0;0;0;0;0;6;0;11579;0;0;0;0;0;0;0;0;0;7;0;11552;0;0;0;0;0;0;0;0;0;8;0;17426;0;0;0;0;0;0;0;9;0;8323;0;0;0;0;0;0;0;10;0;0;0;0;0;0;0;0;0;0;0;0;0
18.03.18;20:50:00;1;0;12754;0;0;0;0;0;0;0;0;0;2;0;12538;0;0;0;0;0;0;0;0;0;3;0;12490;0;0;0;0;0;0;0;0;0;4;0;16762;0;0;0;0;0;0;0;5;0;11537;0;0;0;0;0;0;0;0;0;6;0;11579;0;0;0;0;0;0;0;0;0;7;0;11552;0;0;0;0;0;0;0;0;0;8;0;17426;0;0;0;0;0;0;0;9;0;8323;0;0;0;0;0;0;0;10;0;0;0;0;0;0;0;0;0;0;0;0;0
18.03.18;20:45:00;1;0;12754;0;0;0;0;0;0;0;0;0;2;0;12538;0;0;0;0;0;0;0;0;0;3;0;12490;0;0;0;0;0;0;0;0;0;4;0;16762;0;0;0;0;0;0;0;5;0;11537;0;0;0;0;0;0;0;0;0;6;0;11579;0;0;0;0;0;0;0;0;0;7;0;11552;0;0;0;0;0;0;0;0;0;8;0;17426;0;0;0;0;0;0;0;9;0;8323;0;0;0;0;0;0;0;10;0;0;0;0;0;0;0;0;0;0;0;0;0
18.03.18;20:40:00;1;0;12754;0;0;0;0;0;0;0;0;0;2;0;12538;0;0;0;0;0;0;0;0;0;3;0;12490;0;0;0;0;0;0;0;0;0;4;0;16762;0;0;0;0;0;0;0;5;0;11537;0;0;0;0;0;0;0;0;0;6;0;11579;0;0;0;0;0;0;0;0;0;7;0;11552;0;0;0;0;0;0;0;0;0;8;0;17426;0;0;0;0;0;0;0;9;0;8323;0;0;0;0;0;0;0;10;0;0;0;0;0;0;0;0;0;0;0;0;0
18.03.18;20:35:00;1;0;12754;0;0;0;0;0;0;0;0;0;2;0;12538;0;0;0;0;0;0;0;0;0;3;0;12490;0;0;0;0;0;0;0;0;0;4;0;16762;0;0;0;0;0;0;0;5;0;11537;0;0;0;0;0;0;0;0;0;6;0;11579;0;0;0;0;0;0;0;0;0;7;0;11552;0;0;0;0;0;0;0;0;0;8;0;17426;0;0;0;0;0;0;0;9;0;8323;0;0;0;0;0;0;0;10;0;0;0;0;0;0;0;0;0;0;0;0;0
18.03.18;20:30:00;1;0;12754;0;0;0;0;0;0;0;0;0;2;0;12538;0;0;0;0;0;0;0;0;0;3;0;12490;0;0;0;0;0;0;0;0;0;4;0;16762;0;0;0;0;0;0;0;5;0;11537;0;0;0;0;0;0;0;0;0;6;0;11579;0;0;0;0;0;0;0;0;0;7;0;11552;0;0;0;0;0;0;0;0;0;8;0;17426;0;0;0;0;0;0;0;9;0;8323;0;0;0;0;0;0;0;10;0;0;0;0;0;0;0;0;0;0;0;0;0
18.03.18;20:25:00;1;0;12754;0;0;0;0;0;0;0;0;0;2;0;12538;0;0;0;0;0;0;0;0;0;3;0;12490;0;0;0;0;0;0;0;0;0;4;0;16762;0;0;0;0;0;0;0;5;0;11537;0;0;0;0;0;0;0;0;0;6;0;11579;0;0;0;0;0;0;0;0;0;7;0;11552;0;0;0;0;0;0;0;0;0;8;0;17426;0;0;0;0;0;0;0;9;0;8323;0;0;0;0;0;0;0;10;0;0;0;0;0;0;0;0;0;0;0;0;0
18.03.18;20:20:00;1;0;12754;0;0;0;0;0;0;0;0;0;2;0;12538;0;0;0;0;0;0;0;0;0;3;0;12490;0;0;0;0;0;0;0;0;0;4;0;16762;0;0;0;0;0;0;0;5;0;11537;0;0;0;0;0;0;0;0;0;6;0;11579;0;0;0;0;0;0;0;0;0;7;0;11552;0;0;0;0;0;0;0;0;0;8;0;17426;0;0;0;0;0;0;0;9;0;8323;0;0;0;0;0;0;0;10;0;0;0;0;0;0;0;0;0;0;0;0;0
18.03.18;20:15:00;1;0;12754;0;0;0;0;0;0;0;0;0;2;0;12538;0;0;0;0;0;0;0;0;0;3;0;12490;0;0;0;0;0;0;0;0;0;4;0;16762;0;0;0;0;0;0;0;5;0;11537;0;0;0;0;0;0;0;0;0;6;0;11579;0;0;0;0;0;0;0;0;0;7;0;11552;0;0;0;0;0;0;0;0;0;8;0;17426;0;0;0;0;0;0;0;9;0;8323;0;0;0;0;0;0;0;10;0;0;0;0;0;0;0;0;0;0;0;0;0
18.03.18;20:10:00;1;0;12754;0;0;0;0;0;0;0;0;0;2;0;12538;0;0;0;0;0;0;0;0;0;3;0;12490;0;0;0;0;0;0;0;0;0;4;0;16762;0;0;0;0;0;0;0;5;0;11537;0;0;0;0;0;0;0;0;0;6;0;11579;0;0;0;0;0;0;0;0;0;7;0;11552;0;0;0;0;0;0;0;0;0;8;0;17426;0;0;0;0;0;0;0;9;0;8323;0;0;0;0;0;0;0;10;0;0;0;0;0;0;0;0;0;0;0;0;0
18.03.18;20:05:00;1;0;12754;0;0;0;0;0;0;0;0;0;2;0;12538;0;0;0;0;0;0;0;0;0;3;0;12490;0;0;0;0;0;0;0;0;0;4;0;16762;0;0;0;0;0;0;0;5;0;11537;0;0;0;0;0;0;0;0;0;6;0;11579;0;0;0;0;0;0;0;0;0;7;0;11552;0;0;0;0;0;0;0;0;0;8;0;17426;0;0;0;0;0;0;0;9;0;8323;0;0;0;0;0;0;0;10;0;0;0;0;0;0;0;0;0;0;0;0;0
18.03.18;20:00:00;1;0;12754;0;0;0;0;0;0;0;0;0;2;0;12538;0;0;0;0;0;0;0;0;0;3;0;12490;0;0;0;0;0;0;0;0;0;4;0;16762;0;0;0;0;0;0;0;5;0;11537;0;0;0;0;0;0;0;0;0;6;0;11579;0;0;0;0;0;0;0;0;0;7;0;11552;0;0;0;0;0;0;0;0;0;8;0;17426;0;0;0;0;0;0;0;9;0;8323;0;0;0;0;0;0;0;10;0;0;0;0;0;0;0;0;0;0;0;0;0
18.03.18;19:55:00;1;0;12754;0;0;0;0;0;0;0;0;0;2;0;12538;0;0;0;0;0;0;0;0;0;3;0;12490;0;0;0;0;0;0;0;0;0;4;0;16762;0;0;0;0;0;0;0;5;0;11537;0;0;0;0;0;0;0;0;0;6;0;11579;0;0;0;0;0;0;0;0;0;7;0;11552;0;0;0;0;0;0;0;0;0;8;0;17426;0;0;0;0;0;0;0;9;0;8323;0;0;0;0;0;0;0;10;0;0;0;0;0;0;0;0;0;0;0;0;0
18.03.18;19:50:00;1;0;12754;0;0;0;0;0;0;0;0;0;2;0;12538;0;0;0;0;0;0;0;0;0;3;0;12490;0;0;0;0;0;0;0;0;0;4;0;16762;0;0;0;0;0;0;0;5;0;11537;0;0;0;0;0;0;0;0;0;6;0;11579;0;0;0;0;0;0;0;0;0;7;0;11552;0;0;0;0;0;0;0;0;0;8;0;17426;0;0;0;0;0;0;0;9;0;8323;0;0;0;0;0;0;0;10;0;0;0;0;0;0;0;0;0;0;0;0;0
18.03.18;19:45:00;1;0;12754;0;0;0;0;0;0;0;0;0;2;0;12538;0;0;0;0;0;0;0;0;0;3;0;12490;0;0;0;0;0;0;0;0;0;4;0;16762;0;0;0;0;0;0;0;5;0;11537;0;0;0;0;0;0;0;0;0;6;0;11579;0;0;0;0;0;0;0;0;0;7;0;11552;0;0;0;0;0;0;0;0;0;8;0;17426;0;0;0;0;0;0;0;9;0;8323;0;0;0;0;0;0;0;10;0;0;0;0;0;0;0;0;0;0;0;0;0
18.03.18;19:40:00;1;0;12754;0;0;0;0;0;0;0;0;0;2;0;12538;0;0;0;0;0;0;0;0;0;3;0;12490;0;0;0;0;0;0;0;0;0;4;0;16762;0;0;0;0;0;0;0;5;0;11537;0;0;0;0;0;0;0;0;0;6;0;11579;0;0;0;0;0;0;0;0;0;7;0;11552;0;0;0;0;0;0;0;0;0;8;0;17426;0;0;0;0;0;0;0;9;0;8323;0;0;0;0;0;0;0;10;0;0;0;0;0;0;0;0;0;0;0;0;0
18.03.18;19:35:00;1;0;12754;0;0;0;0;0;0;0;0;0;2;0;12538;0;0;0;0;0;0;0;0;0;3;0;12490;0;0;0;0;0;0;0;0;0;4;0;16762;0;0;0;0;0;0;0;5;0;11537;0;0;0;0;0;0;0;0;0;6;0;11579;0;0;0;0;0;0;0;0;0;7;0;11552;0;0;0;0;0;0;0;0;0;8;0;17426;0;0;0;0;0;0;0;9;0;8323;0;0;0;0;0;0;0;10;0;0;0;0;0;0;0;0;0;0;0;0;0
18.03.18;19:30:00;1;0;12754;0;0;0;0;0;0;0;0;0;2;0;12538;0;0;0;0;0;0;0;0;0;3;0;12490;0;0;0;0;0;0;0;0;0;4;0;16762;0;0;0;0;0;0;0;5;0;11537;0;0;0;0;0;0;0;0;0;6;0;11579;0;0;0;0;0;0;0;0;0;7;0;11552;0;0;0;0;0;0;0;0;0;8;0;17426;0;0;0;0;0;0;0;9;0;8323;0;0;0;0;0;0;0;10;0;0;0;0;0;0;0;0;0;0;0;0;0
18.03.18;19:25:00;1;0;12754;0;0;0;0;0;0;0;0;0;2;0;12538;0;0;0;0;0;0;0;0;0;3;0;12490;0;0;0;0;0;0;0;0;0;4;0;16762;0;0;0;0;0;0;0;5;0;11537;0;0;0;0;0;0;0;0;0;6;0;11579;0;0;0;0;0;0;0;0;0;7;0;11552;0;0;0;0;0;0;0;0;0;8;0;17426;0;0;0;0;0;0;0;9;0;8323;0;0;0;0;0;0;0;10;0;0;0;0;0;0;0;0;0;0;0;0;0
18.03.18;19:20:00;1;0;12754;0;0;0;0;0;0;0;0;0;2;0;12538;0;0;0;0;0;0;0;0;0;3;0;12490;0;0;0;0;0;0;0;0;0;4;0;16762;0;0;0;0;0;0;0;5;0;11537;0;0;0;0;0;0;0;0;0;6;0;11579;0;0;0;0;0;0;0;0;0;7;0;11552;0;0;0;0;0;0;0;0;0;8;0;17426;0;0;0;0;0;0;0;9;0;8323;0;0;0;0;0;0;0;10;0;0;0;0;0;0;0;0;0;0;0;0;0
18.03.18;19:15:00;1;0;12754;0;0;0;0;0;0;0;0;0;2;0;12538;0;0;0;0;0;0;0;0;0;3;0;12490;0;0;0;0;0;0;0;0;0;4;0;16762;0;0;0;0;0;0;0;5;0;11537;0;0;0;0;0;0;0;0;0;6;0;11579;0;0;0;0;0;0;0;0;0;7;0;11552;0;0;0;0;0;0;0;0;0;8;0;17426;0;0;0;0;0;0;0;9;0;8323;0;0;0;0;0;0;0;10;0;0;0;0;0;0;0;0;0;0;0;0;0
18.03.18;19:10:00;1;0;12754;0;0;0;0;0;0;0;0;0;2;0;12538;0;0;0;0;0;0;0;0;0;3;0;12490;0;0;0;0;0;0;0;0;0;4;0;16762;0;0;0;0;0;0;0;5;0;11537;0;0;0;0;0;0;0;0;0;6;0;11579;0;0;0;0;0;0;0;0;0;7;0;11552;0;0;0;0;0;0;0;0;0;8;0;17426;0;0;0;0;0;0;0;9;0;8323;0;0;0;0;0;0;0;10;0;0;0;0;0;0;0;0;0;0;0;0;0
18.03.18;19:05:00;1;0;12754;0;0;0;0;0;0;0;0;0;2;0;12538;0;0;0;0;0;0;0;0;0;3;0;12490;0;0;0;0;0;0;0;0;0;4;0;16762;0;0;0;1;213;213;0;5;0;11537;0;0;0;0;0;0;0;0;0;6;0;11579;0;0;0;0;0;0;0;0;0;7;0;11552;0;0;0;0;0;0;0;0;0;8;0;17426;0;0;6;5;198;197;0;9;0;8323;0;0;0;0;0;0;0;10;0;0;0;0;0;0;0;0;0;0;0;0;0
18.03.18;19:00:00;1;0;12754;0;0;0;0;0;212;212;212;0;2;0;12538;0;0;0;0;1;198;198;198;0;3;0;12490;0;0;0;0;0;182;182;182;0;4;0;16762;1;0;0;3;311;311;0;5;0;11537;0;0;0;0;0;304;304;0;0;6;0;11579;0;0;0;0;0;289;289;0;0;7;0;11552;0;0;0;1;0;285;285;0;0;8;0;17426;1;0;8;8;322;322;0;9;0;8323;0;0;0;0;174;174;0;10;0;0;0;0;0;0;0;0;0;0;0;0;0
18.03.18;18:55:00;1;0;12754;1;0;0;0;0;277;278;278;0;2;0;12538;1;0;0;0;0;265;264;264;0;3;0;12490;1;0;0;0;0;245;246;246;0;4;0;16762;1;0;0;6;385;385;0;5;0;11537;1;0;0;0;0;400;400;0;0;6;0;11579;1;0;0;0;0;394;394;0;0;7;0;11552;1;0;0;3;0;386;386;0;0;8;0;17426;1;0;11;10;399;399;0;9;0;8323;1;0;0;0;279;279;0;10;0;0;0;0;0;0;0;0;0;0;0;0;0
18.03.18;18:50:00;1;1;12754;1;0;3;1;2;277;310;254;151;2;0;12538;1;0;0;1;1;325;298;309;46;3;0;12490;1;0;0;0;0;312;312;298;23;4;2;16762;1;0;0;10;326;445;153;5;1;11537;1;0;1;3;0;333;400;0;186;6;1;11579;1;0;4;2;0;415;384;0;174;7;1;11552;1;0;3;7;0;373;400;0;198;8;1;17426;1;0;20;15;414;458;139;9;0;8323;1;0;0;1;363;301;92;10;0;0;0;0;0;0;0;0;0;0;0;0;0
18.03.18;18:45:00;1;14;12754;3;0;11;9;9;283;242;268;233;2;14;12538;3;0;7;8;10;284;244;235;233;3;11;12490;3;0;9;10;5;235;248;210;232;4;24;16762;3;0;7;19;375;457;229;5;14;11537;3;0;7;11;0;392;408;0;233;6;14;11579;3;0;13;10;0;418;393;0;233;7;14;11552;3;0;12;17;0;392;404;0;233;8;21;17426;3;0;38;23;388;487;233;9;6;8323;3;0;8;7;279;275;232;10;0;0;0;0;0;0;0;0;0;0;0;0;0
18.03.18;18:40:00;1;41;12753;3;0;21;19;18;315;287;310;233;2;41;12537;3;0;18;17;20;318;267;299;233;3;37;12490;3;0;19;19;13;285;286;288;232;4;60;16760;3;0;31;33;406;469;229;5;39;11537;3;0;19;25;0;426;450;0;233;6;39;11579;3;0;26;23;0;452;432;0;233;7;38;11551;3;0;24;30;0;432;439;0;233;8;58;17424;3;0;65;37;430;501;233;9;24;8323;3;0;18;16;325;328;232;10;0;0;0;0;0;0;0;0;0;0;0;0;0
18.03.18;18:35:00;1;68;12749;3;0;31;28;28;360;358;356;233;2;68;12533;3;0;25;28;31;380;326;330;233;3;66;12486;3;0;29;30;23;332;343;315;232;4;100;16754;3;0;58;48;421;503;229;5;62;11533;3;0;30;37;0;500;518;0;233;6;64;11575;3;0;40;37;0;512;482;0;233;7;63;11548;3;0;38;44;0;483;500;0;232;8;96;17418;3;0;92;53;499;510;233;9;39;8321;3;0;26;22;383;381;232;10;0;0;0;0;0;0;0;0;0;0;0;0;0
18.03.18;18:30:00;1;66;12743;3;0;30;27;27;347;349;344;233;2;65;12527;3;0;25;27;30;368;313;315;233;3;62;12481;3;0;28;29;22;318;331;291;232;4;94;16746;3;0;54;45;412;504;229;5;60;11528;3;0;30;36;0;487;503;0;233;6;61;11570;3;0;39;36;0;499;459;0;233;7;61;11542;3;0;37;43;0;468;485;0;233;8;90;17410;3;0;87;52;502;511;233;9;38;8317;3;0;26;23;373;373;232;10;0;0;0;0;0;0;0;0;0;0;0;0;0
18.03.18;18:25:00;1;59;12738;3;0;27;26;25;305;318;301;233;2;55;12522;3;0;24;23;26;335;255;261;233;3;52;12476;3;0;24;26;18;262;291;241;232;4;84;16740;3;0;46;43;427;492;229;5;54;11523;3;0;28;32;0;432;455;0;233;6;53;11565;3;0;36;31;0;448;394;0;232;7;53;11537;3;0;33;39;0;409;433;0;232;8;83;17403;3;0;82;48;443;458;233;9;36;8314;3;0;24;22;336;341;232;10;0;0;0;0;0;0;0;0;0;0;0;0;0
18.03.18;18:20:00;1;96;12733;3;0;41;40;37;306;310;283;233;2;94;12517;3;0;39;38;39;316;290;278;233;3;92;12471;3;0;39;39;33;323;290;274;232;4;144;16731;3;0;84;64;434;473;229;5;88;11518;3;0;44;52;0;420;450;0;233;6;86;11560;3;0;54;49;0;431;410;0;233;7;85;11533;3;0;49;55;0;407;410;0;233;8;140;17396;3;0;121;69;447;474;233;9;57;8311;3;0;36;34;298;277;232;10;0;0;0;0;0;0;0;0;0;0;0;0;0
18.03.18;18:15:00;1;125;12725;3;0;52;49;51;289;273;293;233;2;128;12509;3;0;50;51;52;293;303;286;233;3;124;12463;3;0;51;51;44;306;286;275;233;4;196;16720;3;0;120;83;458;474;229;5;108;11511;3;0;56;64;0;374;401;0;233;6;103;11552;3;0;62;60;0;362;365;0;233;7;101;11525;3;0;59;65;0;351;358;0;233;8;188;17383;3;0;157;87;449;490;233;9;74;8306;3;0;47;43;284;255;232;10;0;0;0;0;0;0;0;0;0;0;0;0;0
18.03.18;18:10:00;1;152;12714;3;0;62;60;59;309;293;299;233;2;154;12498;3;0;59;58;63;318;286;309;233;3;147;12452;3;0;59;59;53;301;288;282;233;4;228;16700;3;0;141;94;444;478;229;5;122;11501;3;0;65;72;0;371;388;0;233;6;123;11544;3;0;73;70;0;379;368;0;233;7;127;11516;3;0;74;78;0;392;383;0;233;8;217;17367;3;0;177;97;448;497;234;9;95;8300;3;0;56;56;304;303;232;10;0;0;0;0;0;0;0;0;0;0;0;0;0
18.03.18;18:05:00;1;175;12701;3;0;68;71;67;300;326;295;234;2;181;12485;3;0;68;67;74;333;303;340;233;3;170;12440;3;0;69;66;61;325;281;284;233;4;262;16681;3;0;164;108;457;477;229;5;131;11491;3;0;68;79;0;334;371;0;233;6;145;11533;3;0;85;80;0;397;377;0;233;7;143;11505;3;0;78;93;0;355;416;0;233;8;250;17348;3;0;200;110;458;485;233;9;111;8291;3;0;64;66;303;342;232;10;0;0;0;0;0;0;0;0;0;0;0;0;0
18.03.18;18:00:00;1;197;12686;3;0;75;77;77;301;321;320;233;2;204;12469;3;0;76;76;80;354;333;340;233;3;195;12425;3;0;76;77;70;327;309;304;232;4;290;16659;3;0;183;116;464;477;229;5;158;11480;3;0;82;93;0;370;397;0;233;6;173;11520;3;0;100;95;0;437;416;0;233;7;165;11493;3;0;91;102;0;381;419;0;233;8;279;17327;3;0;222;119;472;473;233;9;127;8282;3;0;73;72;327;333;232;10;0;0;0;0;0;0;0;0;0;0;0;0;0
18.03.18;17:55:00;1;238;12669;3;0;92;90;90;340;333;336;233;2;237;12452;3;0;87;88;93;375;329;344;233;3;231;12408;3;0;85;90;83;318;325;328;233;4;335;16634;3;0;215;133;470;463;229;5;207;11466;3;0;108;116;0;442;456;0;233;6;209;11505;3;0;118;115;0;453;448;0;233;7;205;11479;3;0;112;122;0;424;453;0;233;8;328;17303;3;0;256;138;486;485;233;9;150;8271;3;0;87;83;347;318;232;10;0;0;0;0;0;0;0;0;0;0;0;0;0
18.03.18;17:50:00;1;300;12648;3;0;114;112;113;361;347;356;233;2;292;12432;3;0;108;109;115;363;330;356;233;3;293;12388;3;0;107;115;105;335;359;354;232;4;417;16605;3;0;272;162;475;479;229;5;264;11448;3;0;138;146;0;469;472;0;233;6;260;11487;3;0;144;145;0;444;462;0;233;7;259;11461;3;0;144;149;0;455;440;0;233;8;410;17274;3;0;316;167;498;484;233;9;190;8258;3;0;108;105;346;334;232;10;0;0;0;0;0;0;0;0;0;0;0;0;0
18.03.18;17:45:00;1;371;12622;3;0;141;141;142;369;362;372;233;2;364;12406;3;0;133;137;141;361;351;368;233;3;364;12363;3;0;135;142;133;368;364;363;233;4;514;16576;3;0;337;196;488;491;229;5;323;11425;3;0;170;180;0;469;482;0;233;6;325;11469;3;0;183;177;0;478;463;0;233;7;321;11438;3;0;179;184;0;465;454;0;233;8;505;17246;3;0;385;202;506;485;233;9;238;8241;3;0;134;131;362;351;233;10;0;0;0;0;0;0;0;0;0;0;0;0;0
18.03.18;17:40:00;1;450;12590;3;0;169;169;170;375;374;378;233;2;442;12375;3;0;157;165;171;378;364;378;233;3;442;12331;3;0;160;171;162;373;382;363;232;4;625;16523;3;0;411;234;498;492;229;5;393;11397;3;0;206;217;0;478;496;0;233;6;397;11436;3;0;219;215;0;483;470;0;233;7;394;11411;3;0;216;223;0;470;489;0;233;8;608;17195;3;0;458;239;514;495;233;9;288;8221;3;0;161;158;370;361;232;10;0;0;0;0;0;0;0;0;0;0;0;0;0
18.03.18;17:35:00;1;552;12552;3;0;203;205;207;371;368;376;233;2;531;12337;3;0;182;200;206;375;353;376;233;3;531;12293;3;0;184;206;197;369;372;370;233;4;755;16469;3;0;500;280;499;497;229;5;490;11363;3;0;256;267;0;509;508;0;233;6;493;11402;3;0;270;265;0;511;492;0;233;7;490;11376;3;0;266;273;0;494;506;0;233;8;749;17142;3;0;559;289;503;512;234;9;355;8196;3;0;197;194;375;369;232;10;0;0;0;0;0;0;0;0;0;0;0;0;0
18.03.18;17:30:00;1;545;12505;3;0;199;201;203;373;369;375;234;2;527;12292;3;0;181;198;204;375;368;368;234;3;523;12248;3;0;180;203;194;380;380;363;233;4;744;16417;3;0;492;277;503;516;229;5;486;11321;3;0;254;264;0;504;505;0;233;6;490;11360;3;0;269;264;0;505;505;0;233;7;487;11335;3;0;264;272;0;506;498;0;233;8;742;17091;3;0;555;287;504;500;234;9;353;8166;3;0;196;193;374;373;232;10;0;0;0;0;0;0;0;0;0;0;0;0;0
18.03.18;17:25:00;1;520;12460;3;0;192;194;195;388;381;383;233;2;513;12248;3;0;183;192;197;371;374;381;233;3;515;12205;3;0;180;197;187;384;379;371;233;4;723;16344;3;0;477;270;502;512;229;5;466;11281;3;0;244;255;0;484;501;0;233;6;471;11319;3;0;258;255;0;489;502;0;233;7;469;11294;3;0;255;262;0;491;496;0;233;8;715;17017;3;0;537;278;507;487;234;9;340;8137;3;0;189;186;375;379;232;10;0;0;0;0;0;0;0;0;0;0;0;0;0
18.03.18;17:20:00;1;559;12416;3;0;203;204;206;383;372;379;234;2;546;12205;3;0;194;201;208;378;374;377;234;3;547;12162;3;0;193;206;196;380;384;365;233;4;761;16283;3;0;504;283;498;508;229;5;493;11242;3;0;258;269;0;497;498;0;234;6;497;11280;3;0;272;268;0;506;499;0;233;7;494;11255;3;0;268;276;0;490;508;0;234;8;754;16957;3;0;564;293;504;506;234;9;358;8108;3;0;199;196;378;378;233;10;0;0;0;0;0;0;0;0;0;0;0;0;0
18.03.18;17:15:00;1;574;12369;3;0;209;209;211;370;360;363;234;2;561;12159;3;0;199;207;214;366;366;378;234;3;561;12116;3;0;198;211;202;367;368;355;233;4;781;16219;3;0;517;290;501;506;229;5;508;11201;3;0;265;276;0;511;503;0;234;6;511;11238;3;0;280;276;0;512;505;0;233;7;510;11214;3;0;276;283;0;494;506;0;233;8;777;16894;3;0;579;301;507;510;234;9;368;8078;3;0;204;202;364;363;232;10;0;0;0;0;0;0;0;0;0;0;0;0;0
18.03.18;17:10:00;1;558;12321;3;0;203;204;205;369;369;372;234;2;545;12112;3;0;194;201;207;372;357;369;234;3;545;12069;3;0;192;206;196;376;376;359;233;4;758;16154;3;0;503;282;496;510;229;5;494;11159;3;0;258;269;0;498;508;0;234;6;498;11195;3;0;272;269;0;505;498;0;233;7;496;11171;3;0;268;276;0;494;505;0;233;8;754;16829;3;0;564;293;499;514;233;9;359;8047;3;0;199;196;370;370;232;10;0;0;0;0;0;0;0;0;0;0;0;0;0
18.03.18;17:05:00;1;550;12275;3;0;201;200;202;379;380;384;234;2;540;12067;3;0;192;198;204;379;371;380;234;3;537;12024;3;0;190;202;191;383;387;386;233;4;748;16091;3;0;496;278;497;506;229;5;486;11118;3;0;254;265;0;485;501;0;234;6;490;11154;3;0;268;265;0;499;499;0;233;7;489;11130;3;0;265;272;0;500;500;0;234;8;745;16767;3;0;557;289;506;499;234;9;353;8018;3;0;195;193;383;378;233;10;0;0;0;0;0;0;0;0;0;0;0;0;0
18.03.18;17:00:00;1;600;12229;3;0;218;218;220;376;380;382;234;2;590;12022;3;0;211;216;222;372;370;379;233;3;590;11979;3;0;210;220;211;375;383;374;233;4;815;16041;3;0;542;301;498;502;229;5;528;11077;3;0;276;288;0;497;499;0;234;6;532;11122;3;0;290;288;0;514;505;0;233;7;530;11089;3;0;287;294;0;502;499;0;234;8;809;16717;3;0;602;311;510;498;234;9;384;7988;3;0;211;210;379;379;233;10;0;0;0;0;0;0;0;0;0;0;0;0;0
18.03.18;16:55:00;1;635;12178;3;0;230;231;234;358;361;363;234;2;624;11972;3;0;222;228;235;359;359;364;234;3;624;11929;3;0;222;233;224;364;367;357;233;4;864;15959;3;0;576;319;501;507;229;5;565;11032;3;0;296;307;0;501;500;0;234;6;569;11068;3;0;311;307;0;502;502;0;233;7;568;11044;3;0;306;314;0;496;502;0;233;8;864;16635;3;0;642;331;508;517;234;9;408;7956;3;0;226;224;356;368;232;10;0;0;0;0;0;0;0;0;0;0;0;0;0
18.03.18;16:50:00;1;602;12125;3;0;219;219;221;364;359;365;234;2;591;11920;3;0;211;217;223;360;358;366;234;3;591;11877;3;0;210;221;212;364;366;360;233;4;816;15887;3;0;542;302;496;511;229;5;539;10985;3;0;282;294;0;503;495;0;234;6;543;11021;3;0;296;294;0;505;501;0;233;7;542;10997;3;0;293;300;0;493;498;0;234;8;823;16563;3;0;613;317;502;510;234;9;390;7922;3;0;216;214;366;365;232;10;0;0;0;0;0;0;0;0;0;0;0;0;0
18.03.18;16:45:00;1;584;12076;3;0;214;214;217;379;380;375;234;2;575;11871;3;0;207;211;216;371;365;373;233;3;573;11829;3;0;205;214;204;375;380;378;233;4;790;15833;3;0;524;294;494;501;229;5;517;10941;3;0;271;284;0;496;489;0;234;6;520;10985;3;0;286;283;0;498;497;0;233;7;524;10952;3;0;284;292;0;493;495;0;233;8;795;16509;3;0;595;307;506;492;234;9;377;7890;3;0;207;207;384;376;232;10;0;0;0;0;0;0;0;0;0;0;0;0;0
18.03.18;16:40:00;1;629;12027;3;0;231;231;233;373;375;374;234;2;620;11823;3;0;223;226;232;367;367;371;234;3;619;11780;3;0;221;230;220;369;380;369;233;4;850;15754;3;0;566;314;497;504;229;5;555;10897;3;0;290;304;0;504;498;0;234;6;563;10932;3;0;306;303;0;513;496;0;233;7;561;10908;3;0;303;310;0;497;501;0;234;8;854;16429;3;0;635;328;500;506;234;9;405;7858;3;0;223;222;376;373;233;10;0;0;0;0;0;0;0;0;0;0;0;0;0
18.03.18;16:35:00;1;719;11973;3;0;262;263;265;370;369;375;234;2;711;11770;3;0;255;259;265;368;367;376;234;3;708;11728;3;0;253;264;254;371;374;364;233;4;960;15696;3;0;648;355;501;503;229;5;633;10850;3;0;331;343;0;508;506;0;234;6;640;10884;3;0;347;344;0;507;502;0;233;7;640;10860;3;0;343;351;0;500;506;0;233;8;964;16356;3;0;717;370;505;505;234;9;461;7824;3;0;255;253;369;369;232;10;0;0;0;0;0;0;0;0;0;0;0;0;0
18.03.18;16:30:00;1;822;11912;3;0;297;298;301;371;369;372;234;2;810;11709;3;0;288;294;301;368;367;373;234;3;809;11667;3;0;285;299;289;371;371;369;234;4;1086;15616;3;0;738;401;498;504;229;5;725;10796;3;0;378;392;0;502;501;0;234;6;733;10829;3;0;395;393;0;503;497;0;234;7;732;10805;3;0;392;400;0;496;499;0;234;8;1111;16272;3;0;813;419;504;506;234;9;528;7784;3;0;289;287;369;369;233;10;0;0;0;0;0;0;0;0;0;0;0;0;0
18.03.18;16:25:00;1;917;11842;3;0;328;331;333;373;373;372;234;2;896;11641;3;0;316;326;333;370;369;373;234;3;894;11598;3;0;310;331;321;370;373;370;233;4;1207;15506;3;0;818;442;499;503;229;5;815;10734;3;0;426;439;0;500;498;0;234;6;824;10766;3;0;442;438;0;506;504;0;234;7;821;10743;3;0;438;446;0;493;491;0;234;8;1241;16178;3;0;906;465;504;510;234;9;590;7739;3;0;323;322;368;370;233;10;0;0;0;0;0;0;0;0;0;0;0;0;0
18.03.18;16:20:00;1;1052;11764;3;0;376;379;382;372;374;376;233;2;1019;11565;3;0;351;373;381;380;372;374;233;3;1007;11523;3;0;335;377;368;377;373;372;233;4;1371;15403;3;0;927;502;503;499;229;5;949;10664;3;0;494;507;0;499;499;0;233;6;956;10696;3;0;513;509;0;497;497;0;233;7;952;10673;3;0;505;513;0;489;495;0;233;8;1433;16072;3;0;1041;533;506;503;234;9;682;7689;3;0;372;371;371;375;232;10;0;0;0;0;0;0;0;0;0;0;0;0;0
18.03.18;16:15:00;1;1474;11674;3;0;519;527;531;373;377;378;234;2;1405;11477;3;0;463;519;528;358;373;381;234;3;1348;11436;3;0;402;520;513;398;379;376;233;4;1859;15284;3;0;1250;689;506;510;229;5;1355;10582;3;0;705;719;0;508;506;0;234;6;1363;10613;3;0;728;722;0;508;509;0;234;7;1352;10590;3;0;713;721;0;501;503;0;234;8;2025;15947;3;0;1455;739;511;509;234;9;966;7630;3;0;521;522;372;377;233;10;0;0;0;0;0;0;0;0;0;0;0;0;0
18.03.18;16:10:00;1;1751;11544;3;0;614;624;629;375;382;382;234;2;1672;11353;3;0;551;615;625;358;377;381;234;3;1598;11317;3;0;469;616;611;404;378;375;234;4;2199;15119;3;0;1480;816;511;511;229;5;1615;10462;3;0;844;857;0;513;504;0;234;6;1626;10491;3;0;866;859;0;509;505;0;234;7;1609;10470;3;0;850;858;0;503;508;0;234;8;2412;15767;3;0;1725;876;515;516;234;9;1154;7544;3;0;618;622;377;382;233;10;0;0;0;0;0;0;0;0;0;0;0;0;0
18.03.18;16:05:00;1;1925;11394;3;0;675;685;691;373;385;382;234;2;1848;11210;3;0;614;675;686;365;376;387;234;3;1762;11180;3;0;521;675;670;404;380;381;234;4;2418;14970;3;0;1631;888;514;513;229;5;1782;10323;3;0;932;945;0;515;513;0;234;6;1797;10351;3;0;957;949;0;516;511;0;234;7;1776;10331;3;0;938;946;0;504;509;0;234;8;2662;15558;3;0;1903;964;516;520;235;9;1273;7445;3;0;682;687;374;383;233;10;0;0;0;0;0;0;0;0;0;0;0;0;0
18.03.18;16:00:00;1;1727;11234;3;0;608;616;622;377;383;384;234;2;1671;11056;3;0;567;608;617;371;381;385;234;3;1616;11033;3;0;502;607;601;400;385;382;234;4;2198;14768;3;0;1490;803;516;513;229;5;1592;10175;3;0;834;847;0;516;511;0;234;6;1606;10231;3;0;857;851;0;515;513;0;234;7;1592;10184;3;0;843;852;0;506;513;0;234;8;2388;15381;3;0;1712;869;520;520;235;9;1142;7339;3;0;612;616;379;383;233;10;0;0;0;0;0;0;0;0;0;0;0;0;0
18.03.18;15:55:00;1;1362;11096;3;0;482;488;492;375;378;386;234;2;1333;10922;3;0;462;482;490;383;380;389;234;3;1317;10904;3;0;438;484;476;388;384;377;233;4;1770;14586;3;0;1203;643;508;514;229;5;1228;10048;3;0;644;657;0;512;510;0;234;6;1243;10074;3;0;662;659;0;511;512;0;233;7;1235;10058;3;0;655;663;0;506;509;0;234;8;1858;15149;3;0;1341;682;519;513;234;9;891;7248;3;0;480;481;383;385;233;10;0;0;0;0;0;0;0;0;0;0;0;0;0
18.03.18;15:50:00;1;1201;10986;3;0;426;432;435;375;376;383;233;2;1183;10815;3;0;413;427;435;377;378;385;233;3;1176;10798;3;0;403;431;423;380;381;378;233;4;1581;14439;3;0;1073;574;507;511;229;5;1061;9951;3;0;554;567;0;507;505;0;233;6;1073;9976;3;0;573;571;0;512;507;0;233;7;1069;9960;3;0;567;576;0;494;507;0;233;8;1615;15001;3;0;1171;597;510;516;234;9;775;7177;3;0;419;419;380;381;232;10;0;0;0;0;0;0;0;0;0;0;0;0;0
18.03.18;15:45:00;1;1198;10887;3;0;426;431;434;377;376;382;233;2;1182;10717;3;0;414;426;435;378;381;384;233;3;1179;10700;3;0;407;431;423;379;381;377;233;4;1583;14308;3;0;1076;573;508;512;229;5;1053;9863;3;0;549;563;0;506;502;0;233;6;1063;9887;3;0;568;566;0;508;508;0;233;7;1061;9871;3;0;563;571;0;495;504;0;233;8;1605;14868;3;0;1163;594;511;508;234;9;770;7113;3;0;416;417;374;379;232;10;0;0;0;0;0;0;0;0;0;0;0;0;0
18.03.18;15:40:00;1;1202;10787;3;0;427;432;436;374;377;380;234;2;1187;10618;3;0;415;428;436;378;374;385;234;3;1184;10602;3;0;409;433;425;381;380;373;233;4;1589;14149;3;0;1082;576;507;508;229;5;1054;9775;3;0;550;563;0;502;499;0;234;6;1064;9816;3;0;567;567;0;507;506;0;234;7;1063;9783;3;0;564;572;0;500;507;0;234;8;1607;14761;3;0;1164;594;512;505;234;9;771;7049;3;0;417;418;375;380;232;10;0;0;0;0;0;0;0;0;0;0;0;0;0
18.03.18;15:35:00;1;1185;10687;3;0;422;427;429;376;376;378;233;2;1170;10519;3;0;410;422;430;375;379;383;233;3;1169;10503;3;0;405;427;419;377;377;375;233;4;1569;14017;3;0;1067;569;505;511;229;5;1038;9688;3;0;540;556;0;496;500;0;233;6;1047;9710;3;0;560;558;0;507;501;0;233;7;1047;9694;3;0;555;564;0;494;502;0;233;8;1584;14600;3;0;1148;586;511;507;234;9;760;6985;3;0;412;412;376;380;232;10;0;0;0;0;0;0;0;0;0;0;0;0;0
18.03.18;15:30:00;1;1163;10589;3;0;414;419;422;376;378;377;233;2;1149;10423;3;0;403;414;422;369;378;381;233;3;1148;10406;3;0;399;419;411;376;379;374;233;4;1541;13913;3;0;1048;557;504;507;229;5;1021;9602;3;0;531;546;0;498;499;0;233;6;1031;9624;3;0;550;549;0;507;506;0;233;7;1029;9608;3;0;545;555;0;494;503;0;233;8;1556;14469;3;0;1128;577;512;510;234;9;746;6922;3;0;404;405;373;376;232;10;0;0;0;0;0;0;0;0;0;0;0;0;0
18.03.18;15:25:00;1;1295;10491;3;0;458;464;468;377;380;380;234;2;1279;10326;3;0;448;459;467;375;379;386;234;3;1276;10309;3;0;440;463;455;379;382;378;233;4;1707;13784;3;0;1162;617;506;512;229;5;1142;9515;3;0;595;609;0;508;505;0;234;6;1153;9536;3;0;613;612;0;510;504;0;233;7;1147;9521;3;0;607;616;0;499;503;0;234;8;1733;14338;3;0;1253;640;514;510;234;9;833;6859;3;0;449;450;378;380;233;10;0;0;0;0;0;0;0;0;0;0;0;0;0
18.03.18;15:20:00;1;1350;10381;3;0;476;483;487;381;380;386;233;2;1330;10217;3;0;466;478;487;375;376;384;233;3;1327;10201;3;0;455;482;473;382;383;385;233;4;1773;13641;3;0;1208;640;507;510;229;5;1195;9418;3;0;623;637;0;512;505;0;233;6;1207;9438;3;0;643;641;0;515;507;0;233;7;1201;9423;3;0;635;644;0;503;506;0;233;8;1812;14190;3;0;1308;667;510;514;234;9;871;6788;3;0;469;470;379;383;232;10;0;0;0;0;0;0;0;0;0;0;0;0;0
18.03.18;15:15:00;1;1340;10269;3;0;473;480;483;379;381;383;233;2;1321;10107;3;0;462;475;483;375;377;384;233;3;1321;10091;3;0;455;479;471;380;381;380;233;4;1763;13494;3;0;1202;636;507;508;229;5;1181;9320;3;0;618;632;0;510;506;0;233;6;1193;9338;3;0;637;635;0;508;506;0;233;7;1188;9324;3;0;628;637;0;499;507;0;233;8;1793;14040;3;0;1295;661;510;512;234;9;862;6716;3;0;464;466;376;380;232;10;0;0;0;0;0;0;0;0;0;0;0;0;0
18.03.18;15:10:00;1;1406;10156;3;0;496;502;506;380;383;385;233;2;1383;9996;3;0;485;497;506;376;376;382;233;3;1383;9980;3;0;476;500;493;379;385;380;233;4;1844;13347;3;0;1261;664;508;515;229;5;1248;9220;3;0;654;667;0;512;510;0;233;6;1260;9258;3;0;671;669;0;512;507;0;233;7;1253;9223;3;0;663;672;0;504;506;0;233;8;1890;13920;3;0;1363;695;514;512;233;9;907;6643;3;0;488;490;377;383;232;10;0;0;0;0;0;0;0;0;0;0;0;0;0
18.03.18;15:05:00;1;1323;10039;3;0;468;474;478;374;380;383;233;2;1304;9881;3;0;457;469;477;376;374;384;233;3;1305;9865;3;0;450;474;465;380;383;378;232;4;1742;13193;3;0;1186;631;507;514;229;5;1163;9116;3;0;609;623;0;508;506;0;233;6;1177;9133;3;0;626;625;0;510;508;0;233;7;1172;9120;3;0;620;629;0;500;504;0;233;8;1770;13732;3;0;1280;652;512;510;233;9;852;6568;3;0;458;459;375;383;232;10;0;0;0;0;0;0;0;0;0;0;0;0;0
18.03.18;15:00:00;1;1303;9930;3;0;461;467;471;376;378;381;233;2;1287;9773;3;0;450;462;471;375;377;383;233;3;1289;9757;3;0;446;468;459;379;381;378;232;4;1720;13048;3;0;1173;616;507;512;229;5;1136;9020;3;0;593;607;0;506;507;0;233;6;1149;9036;3;0;611;611;0;508;506;0;233;7;1146;9023;3;0;607;616;0;498;503;0;233;8;1732;13586;3;0;1254;639;510;505;233;9;834;6498;3;0;449;451;379;381;232;10;0;0;0;0;0;0;0;0;0;0;0;0;0
18.03.18;14:55:00;1;1268;9822;3;0;450;456;459;373;374;381;233;2;1254;9666;3;0;439;450;459;375;378;382;233;3;1257;9650;3;0;436;455;447;376;378;378;232;4;1677;12905;3;0;1144;605;504;503;229;5;1102;8926;3;0;575;589;0;502;499;0;233;6;1114;8960;3;0;593;593;0;505;507;0;232;7;1113;8928;3;0;589;598;0;494;503;0;232;8;1684;13471;3;0;1219;622;509;505;233;9;811;6429;3;0;437;438;374;380;231;10;0;0;0;0;0;0;0;0;0;0;0;0;0
18.03.18;14:50:00;1;1375;9716;3;0;486;492;496;376;380;379;233;2;1358;9561;3;0;477;488;496;371;371;382;233;3;1362;9545;3;0;472;492;484;372;380;380;233;4;1810;12765;3;0;1237;653;505;507;229;5;1199;8834;3;0;625;640;0;504;501;0;233;6;1213;8848;3;0;643;644;0;507;504;0;233;7;1208;8835;3;0;639;649;0;499;501;0;233;8;1827;13301;3;0;1318;673;507;508;233;9;879;6361;3;0;473;475;376;375;232;10;0;0;0;0;0;0;0;0;0;0;0;0;0
18.03.18;14:45:00;1;1435;9599;3;0;507;514;518;375;377;378;233;2;1413;9446;3;0;496;508;517;369;372;379;233;3;1417;9429;3;0;491;512;505;373;380;375;232;4;1883;12614;3;0;1289;679;501;503;229;5;1262;8732;3;0;658;672;0;503;498;0;233;6;1276;8744;3;0;676;677;0;506;503;0;233;7;1269;8732;3;0;673;683;0;495;498;0;233;8;1915;13146;3;0;1381;705;504;505;233;9;921;6286;3;0;496;498;370;377;232;10;0;0;0;0;0;0;0;0;0;0;0;0;0
18.03.18;14:40:00;1;1566;9479;3;0;553;560;565;370;376;378;233;2;1543;9328;3;0;541;554;563;369;371;379;233;3;1541;9311;3;0;534;557;549;373;378;374;232;4;2048;12457;3;0;1403;737;503;502;229;5;1395;8627;3;0;728;742;0;502;497;0;233;6;1407;8638;3;0;745;744;0;505;502;0;233;7;1398;8626;3;0;739;749;0;495;499;0;233;8;2107;12986;3;0;1513;772;505;507;233;9;1012;6209;3;0;544;548;370;376;232;10;0;0;0;0;0;0;0;0;0;0;0;0;0
18.03.18;14:35:00;1;1609;9346;3;0;568;576;580;373;376;381;233;2;1587;9197;3;0;556;570;579;370;372;378;233;3;1584;9180;3;0;547;573;566;373;377;375;232;4;2106;12286;3;0;1443;758;503;502;229;5;1438;8507;3;0;751;767;0;501;501;0;233;6;1450;8517;3;0;769;768;0;503;500;0;233;7;1444;8506;3;0;763;773;0;497;499;0;233;8;2174;12805;3;0;1564;795;506;507;233;9;1044;6123;3;0;563;565;370;377;232;10;0;0;0;0;0;0;0;0;0;0;0;0;0
18.03.18;14:30:00;1;1607;9213;3;0;567;576;580;370;375;376;233;2;1586;9066;3;0;555;570;579;367;369;377;233;3;1584;9049;3;0;548;572;566;371;376;374;232;4;2105;12111;3;0;1443;757;500;501;229;5;1424;8389;3;0;743;760;0;498;496;0;233;6;1436;8398;3;0;763;764;0;504;500;0;233;7;1430;8387;3;0;754;764;0;492;493;0;233;8;2156;12626;3;0;1548;788;503;505;233;9;1036;6036;3;0;558;561;369;374;232;10;0;0;0;0;0;0;0;0;0;0;0;0;0
18.03.18;14:25:00;1;1740;9077;3;0;612;622;627;370;373;377;233;2;1717;8932;3;0;599;614;625;365;368;376;233;3;1712;8915;3;0;589;617;611;367;375;372;232;4;2272;11935;3;0;1557;812;499;502;229;5;1559;8268;3;0;814;831;0;502;499;0;233;6;1573;8276;3;0;836;835;0;505;500;0;232;7;1562;8266;3;0;823;834;0;488;493;0;233;8;2352;12443;3;0;1686;858;504;502;233;9;1132;5949;3;0;605;610;368;374;232;10;0;0;0;0;0;0;0;0;0;0;0;0;0
18.03.18;14:20:00;1;1766;8931;3;0;622;631;636;371;373;375;233;2;1743;8788;3;0;609;623;633;365;370;376;233;3;1737;8771;3;0;599;625;619;370;376;372;233;4;2304;11745;3;0;1582;825;500;506;229;5;1584;8137;3;0;828;845;0;500;493;0;233;6;1598;8143;3;0;849;848;0;502;498;0;233;7;1589;8134;3;0;837;847;0;492;495;0;233;8;2391;12245;3;0;1714;870;503;500;234;9;1151;5854;3;0;615;619;366;372;232;10;0;0;0;0;0;0;0;0;0;0;0;0;0
18.03.18;14:15:00;1;1756;8785;3;0;618;628;632;369;373;375;233;2;1732;8643;3;0;606;620;630;364;367;372;233;3;1725;8627;3;0;596;621;616;368;371;372;232;4;2290;11553;3;0;1571;819;496;499;229;5;1577;8005;3;0;824;841;0;493;492;0;233;6;1591;8011;3;0;846;845;0;496;495;0;232;7;1583;8002;3;0;835;844;0;490;490;0;233;8;2381;12046;3;0;1706;867;498;498;233;9;1145;5758;3;0;612;616;365;370;232;10;0;0;0;0;0;0;0;0;0;0;0;0;0
18.03.18;14:10:00;1;1897;8638;3;0;665;676;681;368;369;373;233;2;1867;8498;3;0;652;668;678;361;368;372;233;3;1862;8483;3;0;640;668;664;365;370;367;232;4;2468;11363;3;0;1688;880;495;495;229;5;1709;7874;3;0;892;910;0;495;488;0;233;6;1725;7878;3;0;915;913;0;497;492;0;233;7;1710;7870;3;0;902;912;0;484;488;0;233;8;2571;11848;3;0;1837;933;496;497;234;9;1235;5662;3;0;660;665;362;367;232;10;0;0;0;0;0;0;0;0;0;0;0;0;0
18.03.18;14:05:00;1;2364;8476;3;0;827;839;845;371;370;379;232;2;2321;8339;3;0;809;827;839;364;367;382;232;3;2305;8323;3;0;786;825;822;371;374;377;232;4;3059;11156;3;0;2093;1086;501;496;229;5;2193;7727;3;0;1144;1161;0;492;497;0;232;6;2200;7729;3;0;1164;1159;0;494;496;0;232;7;2174;7723;3;0;1143;1155;0;483;488;0;232;8;3262;11626;3;0;2318;1175;494;499;233;9;1562;5556;3;0;830;838;368;375;231;10;0;0;0;0;0;0;0;0;0;0;0;0;0
18.03.18;14:00:00;1;1893;8275;3;0;666;675;682;367;370;370;232;2;1863;8142;3;0;652;666;678;361;365;372;232;3;1852;8128;3;0;639;666;662;364;371;369;232;4;2452;10900;3;0;1684;880;490;496;229;5;1752;7540;3;0;916;935;0;493;489;0;232;6;1766;7541;3;0;941;936;0;493;491;0;232;7;1747;7538;3;0;924;935;0;482;487;0;232;8;2621;11348;3;0;1880;953;495;496;233;9;1257;5423;3;0;674;679;359;367;231;10;0;0;0;0;0;0;0;0;0;0;0;0;0
18.03.18;13:55:00;1;1945;8125;3;0;684;694;700;367;367;369;233;2;1911;7994;3;0;669;684;695;362;364;370;233;3;1903;7981;3;0;655;682;679;365;368;368;232;4;2519;10697;3;0;1725;902;493;494;229;5;1802;7402;3;0;940;958;0;494;492;0;233;6;1812;7402;3;0;962;958;0;494;490;0;232;7;1795;7400;3;0;946;957;0;483;491;0;233;8;2686;11142;3;0;1917;972;495;490;233;9;1286;5324;3;0;686;692;363;368;232;10;0;0;0;0;0;0;0;0;0;0;0;0;0
18.03.18;13:50:00;1;2105;7958;3;0;741;751;757;361;369;371;233;2;2067;7829;3;0;726;741;751;363;363;372;233;3;2055;7817;3;0;709;739;734;364;370;363;233;4;2726;10486;3;0;1880;973;491;489;229;5;1973;7246;3;0;1032;1051;0;489;482;0;233;6;1981;7246;3;0;1056;1049;0;492;486;0;233;7;1965;7245;3;0;1036;1049;0;490;489;0;233;8;2934;10910;3;0;2097;1063;498;489;234;9;1407;5213;3;0;753;759;359;368;232;10;0;0;0;0;0;0;0;0;0;0;0;0;0
18.03.18;13:45:00;1;2123;7783;3;0;745;755;761;362;368;369;233;2;2081;7658;3;0;729;743;754;359;366;370;233;3;2068;7647;3;0;712;740;737;365;368;368;232;4;2737;10260;3;0;1876;974;490;489;229;5;1988;7083;3;0;1037;1056;0;493;485;0;232;6;1997;7081;3;0;1061;1054;0;494;489;0;232;7;1975;7082;3;0;1039;1052;0;483;485;0;232;8;2950;10666;3;0;2103;1066;493;494;233;9;1412;5096;3;0;754;761;357;369;232;10;0;0;0;0;0;0;0;0;0;0;0;0;0
18.03.18;13:40:00;1;2503;7600;3;0;876;889;897;363;371;371;233;2;2457;7478;3;0;859;875;888;359;371;370;233;3;2443;7467;3;0;840;871;868;367;371;367;232;4;3226;10030;3;0;2215;1147;493;496;229;5;2371;6909;3;0;1236;1256;0;493;491;0;233;6;2378;6906;3;0;1261;1251;0;494;490;0;233;7;2345;6909;3;0;1232;1246;0;479;486;0;233;8;3503;10408;3;0;2486;1259;494;497;233;9;1675;4973;3;0;891;900;362;367;231;10;0;0;0;0;0;0;0;0;0;0;0;0;0
18.03.18;13:35:00;1;2701;7391;3;0;943;958;966;363;374;369;233;2;2648;7273;3;0;925;943;956;366;372;377;233;3;2636;7264;3;0;908;938;937;370;371;370;232;4;3486;9761;3;0;2389;1234;501;496;229;5;2534;6712;3;0;1321;1341;0;502;492;0;233;6;2544;6708;3;0;1348;1340;0;494;498;0;232;7;2512;6714;3;0;1319;1334;0;480;488;0;232;8;3759;10116;3;0;2664;1350;502;501;233;9;1796;4834;3;0;955;965;364;375;231;10;0;0;0;0;0;0;0;0;0;0;0;0;0
18.03.18;13:30:00;1;2386;7165;3;0;837;849;856;369;374;380;232;2;2342;7051;3;0;819;836;848;367;372;375;232;3;2335;7043;3;0;807;835;831;370;375;372;232;4;3082;9471;3;0;2123;1099;498;503;229;5;2234;6499;3;0;1168;1186;0;506;499;0;232;6;2243;6495;3;0;1192;1185;0;506;503;0;232;7;2220;6503;3;0;1171;1183;0;492;496;0;232;8;3323;9801;3;0;2368;1200;512;508;233;9;1593;4683;3;0;850;859;373;377;231;10;0;0;0;0;0;0;0;0;0;0;0;0;0
18.03.18;13:25:00;1;1785;6976;3;0;629;638;643;371;375;376;232;2;1760;6866;3;0;617;631;640;365;368;375;232;3;1758;6858;3;0;608;632;627;372;380;375;232;4;2328;9214;3;0;1594;835;500;506;229;5;1608;6324;3;0;842;858;0;506;496;0;232;6;1622;6319;3;0;865;862;0;503;501;0;232;7;1616;6329;3;0;855;865;0;495;499;0;232;8;2430;9541;3;0;1742;885;505;505;233;9;1167;4557;3;0;627;631;367;373;231;10;0;0;0;0;0;0;0;0;0;0;0;0;0
18.03.18;13:20:00;1;1577;6831;3;0;558;566;570;369;374;375;232;2;1557;6722;3;0;548;559;568;370;369;382;232;3;1557;6715;3;0;541;563;556;367;375;374;232;4;2067;9021;3;0;1418;744;500;502;229;5;1406;6193;3;0;736;751;0;502;498;0;232;6;1417;6188;3;0;756;756;0;499;501;0;232;7;1414;6198;3;0;749;759;0;490;497;0;232;8;2130;9344;3;0;1532;780;502;504;233;9;1023;4463;3;0;553;555;368;373;231;10;0;0;0;0;0;0;0;0;0;0;0;0;0
18.03.18;13:15:00;1;1657;6701;3;0;585;593;598;370;375;376;232;2;1637;6594;3;0;574;587;596;366;368;378;231;3;1638;6587;3;0;568;590;584;368;377;374;231;4;2173;8850;3;0;1489;780;500;502;229;5;1468;6078;3;0;768;784;0;502;497;0;231;6;1479;6072;3;0;788;787;0;503;500;0;231;7;1475;6082;3;0;779;790;0;490;498;0;231;8;2225;9170;3;0;1597;812;504;503;232;9;1069;4379;3;0;575;578;369;374;230;10;0;0;0;0;0;0;0;0;0;0;0;0;0
18.03.18;13:10:00;1;1835;6561;3;0;645;655;661;372;376;377;232;2;1810;6456;3;0;634;648;658;367;371;378;231;3;1812;6448;3;0;627;651;644;370;376;372;231;4;2400;8668;3;0;1648;863;501;505;229;5;1646;5953;3;0;861;877;0;505;501;0;231;6;1657;5946;3;0;882;880;0;502;506;0;231;7;1648;5957;3;0;872;882;0;494;498;0;231;8;2483;8980;3;0;1778;903;505;504;232;9;1193;4288;3;0;639;644;367;375;230;10;0;0;0;0;0;0;0;0;0;0;0;0;0
18.03.18;13:05:00;1;1656;6407;3;0;585;594;598;372;377;379;232;2;1636;6305;3;0;575;587;596;369;369;377;232;3;1636;6297;3;0;569;591;584;371;378;373;232;4;2170;8468;3;0;1490;781;501;506;229;5;1481;5816;3;0;776;791;0;502;498;0;232;6;1491;5808;3;0;796;795;0;503;505;0;232;7;1488;5819;3;0;789;798;0;496;501;0;232;8;2239;8773;3;0;1612;818;510;505;232;9;1077;4189;3;0;578;582;369;374;231;10;0;0;0;0;0;0;0;0;0;0;0;0;0
18.03.18;13:00:00;1;1420;6274;3;0;502;509;513;370;372;375;232;2;1401;6173;3;0;494;505;514;368;369;377;232;3;1406;6165;3;0;489;509;502;368;376;371;231;4;1867;8288;3;0;1280;674;501;502;229;5;1238;5697;3;0;649;664;0;500;497;0;232;6;1252;5689;3;0;668;669;0;502;498;0;231;7;1249;5700;3;0;664;673;0;494;497;0;232;8;1887;8594;3;0;1363;694;506;501;232;9;908;4102;3;0;490;492;369;373;230;10;0;0;0;0;0;0;0;0;0;0;0;0;0
18.03.18;12:55:00;1;1503;6156;3;0;532;539;542;369;372;373;231;2;1485;6056;3;0;523;534;543;364;366;376;231;3;1487;6049;3;0;518;537;530;368;374;371;230;4;1974;8133;3;0;1353;710;495;497;229;5;1325;5595;3;0;693;708;0;498;495;0;231;6;1335;5585;3;0;711;712;0;500;495;0;231;7;1331;5597;3;0;705;715;0;490;493;0;231;8;2008;8438;3;0;1447;737;502;500;232;9;965;4027;3;0;520;522;367;371;230;10;0;0;0;0;0;0;0;0;0;0;0;0;0
18.03.18;12:50:00;1;1495;6029;3;0;529;537;540;362;367;371;231;2;1476;5931;3;0;521;531;540;362;367;373;231;3;1479;5923;3;0;516;535;528;366;371;370;231;4;1963;7968;3;0;1347;707;495;500;229;5;1324;5483;3;0;692;709;0;494;491;0;231;6;1334;5472;3;0;711;712;0;493;493;0;231;7;1331;5484;3;0;705;716;0;486;491;0;231;8;2004;8268;3;0;1444;735;499;496;232;9;963;3946;3;0;520;522;363;369;230;10;0;0;0;0;0;0;0;0;0;0;0;0;0
18.03.18;12:45:00;1;1551;5905;3;0;548;556;560;365;368;370;231;2;1532;5809;3;0;539;550;559;362;367;372;231;3;1534;5801;3;0;534;553;547;366;371;369;231;4;2035;7804;3;0;1393;731;494;491;229;5;1369;5373;3;0;715;731;0;496;491;0;231;6;1379;5362;3;0;735;736;0;496;492;0;231;7;1375;5374;3;0;728;738;0;486;490;0;231;8;2074;8102;3;0;1490;759;499;496;231;9;996;3866;3;0;538;540;364;368;230;10;0;0;0;0;0;0;0;0;0;0;0;0;0
18.03.18;12:40:00;1;1937;5773;3;0;680;690;696;368;373;373;231;2;1909;5678;3;0;668;683;693;363;369;373;231;3;1909;5669;3;0;661;683;678;367;371;371;231;4;2528;7634;3;0;1734;902;496;501;229;5;1748;5255;3;0;912;930;0;495;496;0;231;6;1758;5243;3;0;933;933;0;497;495;0;231;7;1745;5255;3;0;921;932;0;492;496;0;231;8;2625;7923;3;0;1874;952;498;496;232;9;1261;3780;3;0;674;681;366;371;230;10;0;0;0;0;0;0;0;0;0;0;0;0;0
18.03.18;12:35:00;1;2149;5604;3;0;755;766;773;369;372;375;232;2;2117;5512;3;0;741;758;768;367;373;374;232;3;2115;5503;3;0;733;758;753;371;375;372;231;4;2801;7422;3;0;1925;997;497;501;229;5;1972;5102;3;0;1030;1049;0;501;494;0;232;6;1981;5088;3;0;1053;1050;0;498;496;0;232;7;1966;5102;3;0;1037;1049;0;494;495;0;232;8;2951;7692;3;0;2106;1069;500;502;233;9;1416;3670;3;0;758;765;368;375;231;10;0;0;0;0;0;0;0;0;0;0;0;0;0
18.03.18;12:30:00;1;1865;5429;3;0;656;665;671;365;371;372;232;2;1838;5339;3;0;644;658;668;363;370;373;232;3;1838;5330;3;0;637;659;654;365;373;369;231;4;2430;7189;3;0;1669;868;498;496;229;5;1687;4941;3;0;882;899;0;498;495;0;232;6;1699;4927;3;0;903;902;0;497;494;0;231;7;1688;4942;3;0;891;902;0;489;493;0;232;8;2537;7452;3;0;1818;923;500;501;232;9;1220;3554;3;0;654;659;365;373;231;10;0;0;0;0;0;0;0;0;0;0;0;0;0
18.03.18;12:25:00;1;1762;5275;3;0;621;630;634;366;369;370;232;2;1739;5187;3;0;611;623;633;362;366;372;232;3;1740;5178;3;0;604;626;620;365;371;370;231;4;2304;6987;3;0;1588;825;493;498;229;5;1587;4802;3;0;830;847;0;498;494;0;231;6;1599;4787;3;0;851;851;0;496;492;0;231;7;1591;4803;3;0;840;850;0;486;494;0;231;8;2391;7243;3;0;1716;872;500;497;232;9;1150;3454;3;0;619;623;366;372;230;10;0;0;0;0;0;0;0;0;0;0;0;0;0
18.03.18;12:20:00;1;1512;5132;3;0;535;542;546;362;366;369;231;2;1493;5047;3;0;525;537;546;362;363;371;231;3;1495;5038;3;0;521;540;534;367;368;366;230;4;1987;6796;3;0;1366;715;492;496;229;5;1347;4675;3;0;704;721;0;495;488;0;231;6;1356;4659;3;0;724;723;0;496;490;0;230;7;1354;4675;3;0;718;726;0;485;488;0;231;8;2036;7052;3;0;1468;746;496;495;231;9;978;3361;3;0;529;531;363;368;230;10;0;0;0;0;0;0;0;0;0;0;0;0;0
18.03.18;12:15:00;1;1591;5007;3;0;563;569;573;363;365;367;231;2;1569;4923;3;0;552;562;571;357;363;369;231;3;1568;4914;3;0;546;565;558;362;369;364;231;4;2081;6630;3;0;1430;746;488;493;229;5;1444;4562;3;0;755;770;0;493;484;0;231;6;1450;4546;3;0;773;771;0;492;487;0;231;7;1444;4563;3;0;764;774;0;484;484;0;231;8;2167;6883;3;0;1557;792;493;492;232;9;1040;3280;3;0;560;563;362;366;230;10;0;0;0;0;0;0;0;0;0;0;0;0;0
18.03.18;12:10:00;1;1881;4870;3;0;662;670;675;361;365;365;231;2;1847;4788;3;0;648;661;671;358;364;368;231;3;1844;4779;3;0;639;661;656;363;369;365;231;4;2443;6456;3;0;1682;873;496;493;229;5;1759;4437;3;0;918;936;0;498;488;0;231;6;1763;4420;3;0;938;932;0;496;494;0;231;7;1746;4437;3;0;920;931;0;482;485;0;231;8;2609;6694;3;0;1865;946;495;494;232;9;1248;3190;3;0;669;674;363;368;230;10;0;0;0;0;0;0;0;0;0;0;0;0;0
18.03.18;12:05:00;1;2112;4711;3;0;743;753;758;367;369;371;232;2;2077;4631;3;0;729;742;752;363;369;372;232;3;2070;4622;3;0;718;740;735;371;372;368;231;4;2738;6252;3;0;1887;972;501;496;229;5;1991;4287;3;0;1041;1059;0;493;497;0;232;6;1994;4301;3;0;1060;1055;0;499;497;0;231;7;1976;4288;3;0;1042;1053;0;494;495;0;232;8;2950;6518;3;0;2107;1068;498;502;232;9;1412;3084;3;0;756;761;364;374;231;10;0;0;0;0;0;0;0;0;0;0;0;0;0
18.03.18;12:00:00;1;1756;4534;3;0;620;627;632;366;367;371;232;2;1729;4457;3;0;609;620;628;361;365;369;232;3;1724;4449;3;0;600;620;614;365;370;370;232;4;2283;6023;3;0;1574;817;494;494;229;5;1632;4121;3;0;853;871;0;494;492;0;232;6;1636;4103;3;0;873;869;0;496;495;0;232;7;1629;4123;3;0;862;871;0;488;489;0;232;8;2433;6225;3;0;1747;886;497;497;232;9;1167;2965;3;0;626;629;365;370;231;10;0;0;0;0;0;0;0;0;0;0;0;0;0
18.03.18;11:55:00;1;1671;4392;3;0;590;598;602;365;367;370;232;2;1647;4318;3;0;578;589;599;357;365;370;232;3;1643;4311;3;0;572;591;585;365;370;367;231;4;2175;5834;3;0;1500;780;495;497;229;5;1544;3990;3;0;806;826;0;497;492;0;232;6;1551;3999;3;0;827;824;0;496;495;0;231;7;1542;3993;3;0;815;826;0;486;489;0;232;8;2308;6070;3;0;1654;841;499;496;232;9;1107;2872;3;0;592;596;362;368;231;10;0;0;0;0;0;0;0;0;0;0;0;0;0
18.03.18;11:50:00;1;1852;4251;3;0;651;660;666;363;369;373;232;2;1823;4179;3;0;640;652;661;361;364;370;232;3;1821;4172;3;0;632;653;647;364;370;370;232;4;2406;5653;3;0;1662;858;489;501;229;5;1708;3859;3;0;892;912;0;502;485;0;232;6;1719;3840;3;0;915;911;0;500;491;0;232;7;1706;3862;3;0;900;912;0;486;490;0;232;8;2550;5834;3;0;1825;927;499;495;232;9;1224;2778;3;0;653;659;363;371;231;10;0;0;0;0;0;0;0;0;0;0;0;0;0
18.03.18;11:45:00;1;1790;4098;3;0;629;638;642;364;369;369;232;2;1766;4028;3;0;619;631;640;364;368;373;232;3;1767;4021;3;0;612;633;627;367;371;369;231;4;2338;5452;3;0;1612;835;495;499;229;5;1619;3719;3;0;846;863;0;499;493;0;232;6;1629;3700;3;0;867;865;0;496;495;0;232;7;1619;3722;3;0;856;866;0;486;489;0;232;8;2433;5625;3;0;1741;883;499;497;233;9;1170;2677;3;0;627;631;365;370;231;10;0;0;0;0;0;0;0;0;0;0;0;0;0
18.03.18;11:40:00;1;1989;3946;3;0;699;709;714;367;372;373;232;2;1956;3878;3;0;686;700;709;366;368;376;232;3;1956;3871;3;0;678;700;695;370;373;371;231;4;2589;5257;3;0;1787;919;500;502;229;5;1830;3581;3;0;957;975;0;505;493;0;232;6;1837;3561;3;0;976;973;0;498;498;0;232;7;1824;3584;3;0;962;974;0;490;494;0;232;8;2736;5417;3;0;1955;991;500;500;233;9;1311;2578;3;0;703;708;367;371;231;10;0;0;0;0;0;0;0;0;0;0;0;0;0
18.03.18;11:35:00;1;2143;3779;3;0;750;761;767;369;371;378;232;2;2102;3714;3;0;735;749;761;365;371;378;232;3;2099;3707;3;0;726;750;745;371;373;378;232;4;2777;5041;3;0;1912;983;504;509;229;5;2003;3427;3;0;1043;1063;0;512;505;0;232;6;2008;3406;3;0;1066;1062;0;504;507;0;232;7;1991;3431;3;0;1048;1061;0;498;498;0;232;8;2975;5188;3;0;2116;1072;506;500;233;9;1423;2468;3;0;760;767;370;372;231;10;0;0;0;0;0;0;0;0;0;0;0;0;0
18.03.18;11:30:00;1;2156;3599;3;0;756;767;774;370;377;382;232;2;2120;3537;3;0;742;757;767;366;371;383;232;3;2116;3531;3;0;732;757;752;370;377;378;232;4;2797;4809;3;0;1928;991;509;510;229;5;2016;3259;3;0;1052;1071;0;508;507;0;232;6;2017;3237;3;0;1068;1067;0;506;505;0;232;7;2001;3263;3;0;1054;1068;0;489;497;0;232;8;2999;4937;3;0;2136;1083;510;509;233;9;1436;2348;3;0;766;774;373;379;231;10;0;0;0;0;0;0;0;0;0;0;0;0;0
18.03.18;11:25:00;1;1767;3422;3;0;623;631;636;372;376;377;232;2;1741;3363;3;0;612;624;633;370;376;380;232;3;1740;3357;3;0;605;626;619;370;380;377;231;4;2308;4576;3;0;1589;821;505;507;229;5;1627;3093;3;0;849;869;0;508;497;0;232;6;1633;3071;3;0;867;866;0;507;506;0;232;7;1624;3099;3;0;856;868;0;493;499;0;232;8;2438;4691;3;0;1744;885;512;506;233;9;1168;2230;3;0;626;631;373;376;231;10;0;0;0;0;0;0;0;0;0;0;0;0;0
18.03.18;11:20:00;1;1534;3280;3;0;542;549;554;373;375;379;233;2;1513;3223;3;0;533;544;552;373;372;379;233;3;1516;3217;3;0;528;547;540;373;378;378;232;4;2017;4386;3;0;1391;719;505;511;229;5;1381;2963;3;0;719;737;0;508;505;0;232;6;1390;2941;3;0;739;740;0;508;505;0;232;7;1387;2969;3;0;734;743;0;499;501;0;232;8;2086;4497;3;0;1500;763;508;507;233;9;1002;2136;3;0;539;543;374;377;231;10;0;0;0;0;0;0;0;0;0;0;0;0;0
18.03.18;11:15:00;1;1409;3155;3;0;498;504;508;372;374;379;232;2;1388;3100;3;0;489;499;508;367;372;379;232;3;1392;3094;3;0;485;502;496;369;376;377;232;4;1852;4218;3;0;1274;661;505;508;229;5;1260;2852;3;0;655;673;0;506;504;0;232;6;1270;2830;3;0;675;674;0;506;502;0;232;7;1266;2857;3;0;670;680;0;498;501;0;232;8;1905;4361;3;0;1373;698;508;510;233;9;914;2055;3;0;493;495;372;378;231;10;0;0;0;0;0;0;0;0;0;0;0;0;0
18.03.18;11:10:00;1;1334;3038;3;0;472;478;482;374;374;380;233;2;1316;2986;3;0;464;473;481;367;373;382;232;3;1318;2979;3;0;460;477;469;372;380;377;232;4;1755;4064;3;0;1207;629;502;504;229;5;1190;2748;3;0;620;637;0;506;503;0;233;6;1199;2725;3;0;639;639;0;507;502;0;232;7;1197;2753;3;0;634;643;0;500;497;0;232;8;1803;4202;3;0;1300;662;506;504;233;9;865;1980;3;0;467;469;375;377;231;10;0;0;0;0;0;0;0;0;0;0;0;0;0
18.03.18;11:05:00;1;1380;2928;3;0;488;494;498;370;374;376;233;2;1362;2876;3;0;481;489;497;368;371;377;233;3;1365;2870;3;0;476;493;486;370;378;376;232;4;1816;3918;3;0;1251;648;503;507;229;5;1229;2649;3;0;641;658;0;505;504;0;233;6;1237;2625;3;0;660;661;0;505;499;0;232;7;1235;2653;3;0;655;665;0;497;500;0;232;8;1860;4022;3;0;1338;682;505;504;233;9;893;1908;3;0;481;484;372;376;231;10;0;0;0;0;0;0;0;0;0;0;0;0;0
18.03.18;11:00:00;1;1780;2810;3;0;625;634;640;375;378;380;233;2;1752;2760;3;0;615;626;636;371;376;385;233;3;1751;2753;3;0;608;627;622;374;382;378;233;4;2320;3766;3;0;1601;821;506;505;229;5;1628;2544;3;0;849;867;0;513;509;0;233;6;1628;2519;3;0;863;866;0;514;510;0;233;7;1622;2548;3;0;856;867;0;503;507;0;233;8;2435;3862;3;0;1736;881;511;511;234;9;1167;1832;3;0;622;629;373;382;232;10;0;0;0;0;0;0;0;0;0;0;0;0;0
18.03.18;10:55:00;1;2077;2652;3;0;729;740;747;379;383;387;233;2;2039;2604;3;0;716;729;740;374;380;386;233;3;2037;2597;3;0;707;731;724;377;386;382;233;4;2699;3571;3;0;1866;957;514;513;229;5;1952;2397;3;0;1020;1039;0;520;515;0;233;6;1946;2372;3;0;1031;1034;0;520;515;0;233;7;1940;2401;3;0;1022;1034;0;513;508;0;233;8;2903;3642;3;0;2069;1047;517;518;234;9;1390;1727;3;0;743;751;378;386;232;10;0;0;0;0;0;0;0;0;0;0;0;0;0
18.03.18;10:50:00;1;1588;2486;3;0;562;568;573;375;387;384;234;2;1561;2442;3;0;551;561;570;372;376;384;233;3;1561;2435;3;0;544;564;557;379;387;384;233;4;2079;3348;3;0;1434;739;515;519;229;5;1456;2242;3;0;758;777;0;519;512;0;233;6;1461;2218;3;0;777;777;0;516;515;0;233;7;1457;2248;3;0;770;780;0;507;512;0;234;8;2187;3412;3;0;1568;795;522;513;234;9;1046;1616;3;0;564;567;380;383;232;10;0;0;0;0;0;0;0;0;0;0;0;0;0
18.03.18;10:45:00;1;1330;2359;3;0;472;477;481;381;379;382;233;2;1310;2317;3;0;462;472;479;377;380;389;233;3;1313;2310;3;0;458;477;468;381;384;384;233;4;1750;3175;3;0;1203;625;512;518;229;5;1193;2126;3;0;623;640;0;519;511;0;233;6;1202;2102;3;0;642;641;0;515;513;0;233;7;1199;2132;3;0;637;646;0;508;510;0;233;8;1806;3270;3;0;1301;661;516;515;234;9;867;1533;3;0;468;470;380;385;232;10;0;0;0;0;0;0;0;0;0;0;0;0;0
18.03.18;10:40:00;1;1232;2249;3;0;440;445;447;378;380;384;234;2;1218;2209;3;0;430;437;445;380;384;385;233;3;1218;2202;3;0;428;445;435;381;384;382;233;4;1629;3030;3;0;1122;580;513;513;229;5;1101;2028;3;0;576;592;0;513;511;0;233;6;1109;2004;3;0;595;594;0;515;509;0;233;7;1108;2034;3;0;590;599;0;502;510;0;233;8;1674;3091;3;0;1207;613;518;517;234;9;801;1462;3;0;435;435;382;388;232;10;0;0;0;0;0;0;0;0;0;0;0;0;0
18.03.18;10:35:00;1;1139;2148;3;0;408;412;414;378;381;381;234;2;1126;2109;3;0;398;405;413;376;380;385;233;3;1127;2102;3;0;396;412;403;378;383;381;233;4;1511;2894;3;0;1041;540;516;515;229;5;1015;1938;3;0;531;546;0;506;508;0;234;6;1020;1913;3;0;549;547;0;508;502;0;233;7;1021;1943;3;0;543;553;0;494;507;0;233;8;1546;2980;3;0;1116;566;520;511;234;9;737;1396;3;0;403;402;381;383;233;10;0;0;0;0;0;0;0;0;0;0;0;0;0
18.03.18;10:30:00;1;988;2055;3;0;354;356;358;379;380;382;234;2;973;2017;3;0;347;352;359;374;375;386;234;3;976;2010;3;0;343;358;349;378;385;377;233;4;1312;2769;3;0;904;471;513;509;229;5;871;1855;3;0;457;470;0;499;494;0;234;6;880;1846;3;0;476;473;0;503;500;0;233;7;879;1860;3;0;471;480;0;495;496;0;234;8;1337;2852;3;0;969;493;516;508;234;9;636;1336;3;0;350;349;380;382;232;10;0;0;0;0;0;0;0;0;0;0;0;0;0
18.03.18;10:25:00;1;901;1975;3;0;323;325;327;372;372;378;234;2;888;1938;3;0;317;322;328;377;368;381;234;3;890;1931;3;0;314;327;317;371;377;375;233;4;1199;2660;3;0;824;432;509;513;229;5;787;1785;3;0;414;427;0;506;500;0;234;6;795;1759;3;0;431;429;0;510;507;0;233;7;793;1789;3;0;427;435;0;510;499;0;234;8;1211;2741;3;0;879;448;514;513;234;9;575;1285;3;0;317;316;371;372;232;10;0;0;0;0;0;0;0;0;0;0;0;0;0
18.03.18;10:20:00;1;899;1900;3;0;323;325;327;374;373;371;234;2;890;1864;3;0;318;322;329;375;369;380;234;3;890;1857;3;0;314;327;317;378;378;365;234;4;1200;2561;3;0;828;432;513;515;229;5;785;1720;3;0;413;426;0;508;509;0;234;6;792;1693;3;0;429;427;0;516;519;0;234;7;792;1723;3;0;426;434;0;507;503;0;234;8;1207;2620;3;0;876;448;515;517;234;9;575;1237;3;0;316;316;377;380;233;10;0;0;0;0;0;0;0;0;0;0;0;0;0
18.03.18;10:15:00;1;916;1825;3;0;328;330;332;378;376;377;234;2;904;1790;3;0;322;327;333;373;373;384;234;3;907;1783;3;0;319;333;323;376;383;375;233;4;1218;2461;3;0;839;438;510;515;229;5;801;1655;3;0;421;434;0;517;515;0;234;6;807;1627;3;0;436;435;0;522;512;0;234;7;807;1657;3;0;433;441;0;507;514;0;234;8;1228;2519;3;0;891;453;517;516;234;9;584;1189;3;0;321;321;374;378;233;10;0;0;0;0;0;0;0;0;0;0;0;0;0
18.03.18;10:10:00;1;967;1748;3;0;346;348;351;382;381;383;234;2;953;1714;3;0;339;345;351;373;379;387;234;3;957;1706;3;0;337;350;341;381;383;379;233;4;1285;2359;3;0;885;463;512;514;229;5;845;1587;3;0;444;457;0;519;512;0;234;6;851;1559;3;0;459;458;0;518;514;0;234;7;850;1589;3;0;455;464;0;509;509;0;234;8;1293;2415;3;0;936;477;518;514;234;9;615;1140;3;0;337;338;382;381;233;10;0;0;0;0;0;0;0;0;0;0;0;0;0
18.03.18;10:05:00;1;1038;1666;3;0;371;374;376;379;382;386;234;2;1024;1634;3;0;364;370;377;376;380;386;234;3;1028;1626;3;0;362;376;367;378;387;383;233;4;1380;2252;3;0;952;494;511;522;229;5;913;1516;3;0;479;491;0;515;509;0;234;6;917;1502;3;0;494;491;0;512;502;0;234;7;915;1517;3;0;489;498;0;500;506;0;234;8;1392;2329;3;0;1005;511;520;517;234;9;663;1088;3;0;363;363;382;385;232;10;0;0;0;0;0;0;0;0;0;0;0;0;0
18.03.18;10:00:00;1;964;1579;3;0;345;348;350;378;381;385;233;2;951;1548;3;0;339;345;351;374;376;383;233;3;956;1540;3;0;336;351;341;378;383;377;233;4;1283;2136;3;0;889;461;516;514;229;5;840;1439;3;0;442;454;0;503;504;0;233;6;845;1410;3;0;459;454;0;507;496;0;233;7;843;1441;3;0;453;461;0;491;494;0;233;8;1290;2190;3;0;933;477;521;521;234;9;615;1033;3;0;338;338;379;380;232;10;0;0;0;0;0;0;0;0;0;0;0;0;0
18.03.18;09:55:00;1;811;1502;3;0;293;294;297;364;366;379;233;2;802;1471;3;0;286;291;298;358;359;372;233;3;806;1463;3;0;285;298;288;366;376;365;233;4;1092;2030;3;0;756;396;513;513;229;5;706;1372;3;0;373;384;0;508;504;0;233;6;710;1343;3;0;387;385;0;510;505;0;233;7;712;1373;3;0;384;392;0;503;505;0;233;8;1088;2106;3;0;793;405;517;514;234;9;515;983;3;0;287;285;373;376;232;10;0;0;0;0;0;0;0;0;0;0;0;0;0
18.03.18;09:50:00;1;777;1435;3;0;282;283;285;372;371;377;234;2;764;1406;3;0;274;278;285;357;357;371;234;3;768;1397;3;0;272;285;276;360;377;370;233;4;1041;1939;3;0;722;378;512;514;229;5;687;1314;3;0;363;373;0;511;511;0;234;6;688;1296;3;0;376;373;0;508;504;0;233;7;689;1315;3;0;372;380;0;507;504;0;234;8;1049;2015;3;0;765;391;514;512;234;9;496;941;3;0;277;275;378;377;233;10;0;0;0;0;0;0;0;0;0;0;0;0;0
18.03.18;09:45:00;1;734;1371;3;0;267;268;270;375;375;380;234;2;721;1343;3;0;261;263;269;362;357;365;234;3;723;1334;3;0;258;270;260;364;377;384;233;4;982;1853;3;0;681;356;506;513;229;5;654;1257;3;0;345;355;0;512;509;0;234;6;655;1239;3;0;358;355;0;509;510;0;234;7;655;1258;3;0;355;362;0;498;501;0;234;8;992;1928;3;0;729;373;513;515;234;9;470;900;3;0;264;260;377;369;233;10;0;0;0;0;0;0;0;0;0;0;0;0;0
18.03.18;09:40:00;1;731;1310;3;0;267;266;268;378;368;372;234;2;717;1283;3;0;260;262;267;354;353;360;234;3;722;1274;3;0;257;269;260;361;376;376;233;4;981;1771;3;0;681;356;507;514;229;5;645;1203;3;0;341;352;0;506;505;0;234;6;648;1184;3;0;355;352;0;507;504;0;234;7;648;1204;3;0;350;359;0;498;505;0;234;8;983;1845;3;0;722;370;513;512;234;9;467;861;3;0;261;259;374;376;233;10;0;0;0;0;0;0;0;0;0;0;0;0;0
18.03.18;09:35:00;1;702;1249;3;0;257;257;257;371;370;364;234;2;695;1223;3;0;251;254;260;360;359;372;234;3;697;1214;3;0;250;260;250;367;376;366;234;4;947;1689;3;0;658;344;509;514;229;5;614;1150;3;0;325;335;0;512;505;0;234;6;617;1131;3;0;338;336;0;507;502;0;234;7;617;1150;3;0;335;342;0;498;503;0;234;8;940;1764;3;0;691;355;512;508;235;9;446;822;3;0;250;248;373;370;233;10;0;0;0;0;0;0;0;0;0;0;0;0;0
18.03.18;09:30:00;1;674;1191;3;0;247;247;248;375;365;369;235;2;667;1166;3;0;242;245;249;366;369;367;234;3;667;1156;3;0;240;249;240;368;369;371;234;4;908;1611;3;0;631;331;510;514;229;5;592;1099;3;0;313;324;0;512;510;0;234;6;596;1079;3;0;328;323;0;513;502;0;234;7;596;1099;3;0;323;331;0;500;508;0;234;8;906;1685;3;0;667;342;512;508;235;9;429;786;3;0;241;239;372;367;234;10;0;0;0;0;0;0;0;0;0;0;0;0;0
18.03.18;09:25:00;1;659;1136;3;0;241;241;243;378;371;375;234;2;647;1111;3;0;235;238;243;358;367;371;234;3;650;1101;3;0;233;243;234;367;379;376;234;4;883;1535;3;0;615;321;506;515;229;5;584;1050;3;0;309;320;0;519;514;0;234;6;586;1030;3;0;323;319;0;513;498;0;234;7;585;1050;3;0;319;326;0;500;512;0;234;8;890;1610;3;0;656;336;516;518;235;9;423;750;3;0;238;234;381;371;233;10;0;0;0;0;0;0;0;0;0;0;0;0;0
18.03.18;09:20:00;1;652;1081;3;0;240;239;240;368;362;369;235;2;643;1057;3;0;234;235;242;365;359;378;234;3;644;1047;3;0;231;241;231;365;373;367;234;4;877;1461;3;0;613;319;511;508;229;5;583;1001;3;0;308;320;0;513;511;0;234;6;585;981;3;0;321;318;0;509;506;0;234;7;584;1001;3;0;318;325;0;500;507;0;235;8;886;1536;3;0;655;335;513;518;235;9;419;715;3;0;235;233;370;366;234;10;0;0;0;0;0;0;0;0;0;0;0;0;0
18.03.18;09:15:00;1;634;1027;3;0;233;232;233;380;375;387;235;2;624;1004;3;0;227;229;235;372;373;382;235;3;625;994;3;0;225;234;225;379;385;376;234;4;849;1388;3;0;593;309;508;505;229;5;556;953;3;0;295;306;0;510;512;0;235;6;558;932;3;0;308;303;0;502;527;0;235;7;559;953;3;0;305;312;0;510;517;0;235;8;850;1462;3;0;628;321;507;515;235;9;405;680;3;0;227;225;380;384;234;10;0;0;0;0;0;0;0;0;0;0;0;0;0
18.03.18;09:10:00;1;698;974;3;0;255;255;256;377;379;383;235;2;691;951;3;0;250;252;257;376;375;385;235;3;691;941;3;0;248;257;247;376;385;375;235;4;935;1318;3;0;656;337;513;512;229;5;607;907;3;0;320;332;0;511;517;0;235;6;609;886;3;0;333;331;0;514;515;0;235;7;610;906;3;0;331;338;0;510;513;0;235;8;930;1391;3;0;682;348;515;510;235;9;441;646;3;0;247;245;378;379;234;10;0;0;0;0;0;0;0;0;0;0;0;0;0
18.03.18;09:05:00;1;802;914;3;0;290;291;293;373;377;376;235;2;793;892;3;0;285;287;293;371;371;382;235;3;792;882;3;0;281;292;283;376;385;376;235;4;1065;1240;3;0;745;382;513;516;229;5;715;854;3;0;377;388;0;519;514;0;235;6;707;835;3;0;381;387;0;521;515;0;235;7;716;865;3;0;386;393;0;510;509;0;235;8;1086;1313;3;0;790;402;519;514;235;9;514;608;3;0;285;284;379;382;234;10;0;0;0;0;0;0;0;0;0;0;0;0;0
18.03.18;09:00:00;1;893;845;3;0;321;322;324;376;377;381;235;2;876;824;3;0;313;317;322;375;378;379;235;3;873;814;3;0;308;320;311;372;381;379;235;4;1169;1150;3;0;818;419;515;518;229;5;821;793;3;0;432;445;0;512;507;0;235;6;798;775;3;0;422;440;0;526;511;0;235;7;818;791;3;0;439;448;0;509;509;0;235;8;1232;1223;3;0;891;453;521;521;236;9;583;564;3;0;321;321;376;381;234;10;0;0;0;0;0;0;0;0;0;0;0;0;0
18.03.18;08:55:00;1;1098;769;3;0;391;394;396;381;390;393;236;2;1069;749;3;0;381;385;391;382;385;394;236;3;1064;739;3;0;374;387;378;382;391;388;236;4;1423;1053;3;0;990;503;521;521;229;5;1045;722;3;0;545;561;0;518;515;0;236;6;987;709;3;0;504;553;0;542;518;0;236;7;1034;721;3;0;550;559;0;517;518;0;236;8;1543;1119;3;0;1108;561;525;527;236;9;728;514;3;0;398;398;387;395;235;10;0;0;0;0;0;0;0;0;0;0;0;0;0
18.03.18;08:50:00;1;1221;674;3;0;435;437;441;387;391;393;236;2;1191;656;3;0;422;427;434;387;391;394;236;3;1182;647;3;0;416;429;420;389;397;392;236;4;1578;933;3;0;1100;557;523;526;229;5;1184;630;3;0;618;636;0;534;524;0;236;6;1114;626;3;0;567;624;0;540;525;0;236;7;1170;630;3;0;623;632;0;523;525;0;236;8;1744;990;3;0;1251;634;533;533;236;9;824;450;3;0;449;449;391;398;235;10;0;0;0;0;0;0;0;0;0;0;0;0;0
18.03.18;08:45:00;1;1077;573;3;0;385;386;390;387;391;395;236;2;1046;558;3;0;373;378;384;385;386;392;236;3;1041;550;3;0;367;380;371;384;397;391;236;4;1391;802;3;0;974;495;525;526;229;5;1038;533;3;0;543;560;0;530;523;0;236;6;989;533;3;0;512;550;0;540;516;0;236;7;1030;534;3;0;551;559;0;516;529;0;236;8;1540;845;3;0;1106;560;536;531;236;9;725;383;3;0;397;398;393;393;235;10;0;0;0;0;0;0;0;0;0;0;0;0;0
18.03.18;08:40:00;1;854;488;3;0;309;310;311;387;385;387;237;2;832;476;3;0;299;302;308;373;373;387;236;3;826;467;3;0;294;304;296;375;387;381;236;4;1113;687;3;0;782;397;522;526;229;5;811;451;3;0;426;441;0;528;525;0;236;6;781;451;3;0;411;435;0;537;520;0;236;7;808;453;3;0;436;443;0;511;518;0;236;8;1215;717;3;0;879;444;530;524;236;9;570;326;3;0;317;315;385;385;235;10;0;0;0;0;0;0;0;0;0;0;0;0;0
18.03.18;08:35:00;1;785;419;3;0;285;285;287;383;379;380;236;2;766;408;3;0;276;278;285;371;370;390;236;3;759;401;3;0;271;282;273;371;385;377;236;4;1032;595;3;0;724;367;522;522;229;5;743;386;3;0;391;406;0;524;519;0;236;6;720;387;3;0;383;401;0;536;516;0;236;7;742;388;3;0;401;408;0;516;519;0;236;8;1119;617;3;0;810;409;535;519;236;9;523;280;3;0;292;291;386;384;235;10;0;0;0;0;0;0;0;0;0;0;0;0;0
18.03.18;08:30:00;1;685;354;3;0;250;250;251;378;380;383;236;2;668;346;3;0;244;245;250;375;371;390;236;3;664;339;3;0;239;249;239;377;392;378;236;4;910;509;3;0;637;323;523;530;229;5;638;325;3;0;336;351;0;528;525;0;237;6;626;327;3;0;337;348;0;530;528;0;236;7;640;328;3;0;348;356;0;514;524;0;236;8;969;524;3;0;704;358;526;528;236;9;453;237;3;0;255;252;383;380;235;10;0;0;0;0;0;0;0;0;0;0;0;0;0
18.03.18;08:25:00;1;624;298;3;0;229;228;230;376;375;381;236;2;610;290;3;0;223;225;229;372;375;382;236;3;606;284;3;0;220;227;218;373;381;376;236;4;833;433;3;0;585;295;527;523;229;5;580;273;3;0;307;320;0;535;526;0;236;6;568;275;3;0;309;317;0;538;534;0;236;7;581;275;3;0;318;324;0;520;519;0;236;8;882;443;3;0;643;328;528;527;236;9;414;200;3;0;233;231;380;382;235;10;0;0;0;0;0;0;0;0;0;0;0;0;0
18.03.18;08:20:00;1;514;247;3;0;193;191;192;379;375;381;236;2;506;241;3;0;188;187;192;378;374;383;236;3;501;235;3;0;184;192;182;375;388;374;236;4;694;364;3;0;491;248;518;528;229;5;471;226;3;0;250;263;0;535;530;0;236;6;469;228;3;0;261;260;0;541;533;0;236;7;475;228;3;0;263;269;0;522;529;0;236;8;727;370;3;0;533;271;524;534;236;9;340;166;3;0;195;191;383;380;235;10;0;0;0;0;0;0;0;0;0;0;0;0;0
18.03.18;08:15:00;1;426;206;3;0;161;159;160;387;380;390;237;2;415;200;3;0;156;156;160;383;373;384;237;3;413;195;3;0;153;160;151;379;390;382;236;4;579;307;3;0;408;208;508;520;229;5;387;188;3;0;208;218;0;542;542;0;236;6;389;189;3;0;220;217;0;546;536;0;237;7;392;190;3;0;219;225;0;531;529;0;237;8;599;310;3;0;445;226;519;542;237;9;282;139;3;0;163;160;389;385;236;10;0;0;0;0;0;0;0;0;0;0;0;0;0
18.03.18;08:10:00;1;349;172;3;0;134;131;131;391;388;394;236;2;340;167;3;0;129;128;132;387;382;391;236;3;336;162;3;0;125;132;123;391;398;387;236;4;479;259;3;0;339;171;506;524;229;5;318;157;3;0;170;180;0;552;550;0;236;6;321;156;3;0;184;179;0;544;540;0;236;7;321;159;3;0;182;187;0;535;541;0;236;8;491;260;3;0;372;188;518;551;237;9;233;117;3;0;135;132;394;392;235;10;0;0;0;0;0;0;0;0;0;0;0;0;0
18.03.18;08:05:00;1;296;143;3;0;116;113;113;393;385;390;237;2;290;140;3;0;110;110;113;398;388;396;237;3;286;135;3;0;108;114;105;392;392;385;236;4;412;219;3;0;292;148;508;496;229;5;271;132;3;0;144;153;0;554;555;0;237;6;271;130;3;0;156;151;0;556;548;0;236;7;274;133;3;0;155;160;0;538;542;0;237;8;421;219;3;0;320;164;514;542;236;9;198;98;3;0;117;113;394;395;236;10;0;0;0;0;0;0;0;0;0;0;0;0;0
18.03.18;08:00:00;1;272;119;3;0;107;104;104;390;371;377;236;2;266;116;3;0;102;101;105;394;386;376;236;3;260;111;3;0;98;105;96;394;391;367;236;4;377;185;3;0;269;136;505;493;229;5;252;110;3;0;136;143;0;537;544;0;236;6;246;107;3;0;142;139;0;559;546;0;236;7;255;111;3;0;145;151;0;515;519;0;236;8;386;184;3;0;295;152;510;537;236;9;181;82;3;0;108;104;374;392;235;10;0;0;0;0;0;0;0;0;0;0;0;0;0
18.03.18;07:55:00;1;272;97;3;0;107;105;104;393;373;386;236;2;265;94;3;0;101;101;104;398;381;383;236;3;257;90;3;0;98;104;95;398;392;374;236;4;375;153;3;0;267;133;508;508;229;5;263;89;3;0;142;148;0;548;550;0;237;6;247;87;3;0;137;144;0;563;550;0;236;7;262;90;3;0;149;154;0;532;534;0;236;8;397;152;3;0;303;154;515;547;236;9;183;70;3;0;110;104;386;405;235;10;0;0;0;0;0;0;0;0;0;0;0;0;0
18.03.18;07:50:00;1;234;74;3;0;93;91;89;402;390;403;237;2;227;72;3;0;89;89;91;402;388;402;237;3;221;69;3;0;86;91;82;402;406;392;237;4;328;122;3;0;237;116;518;538;229;5;222;67;3;0;120;128;0;562;562;0;237;6;208;66;3;0;119;122;0;573;566;0;237;7;222;68;3;0;128;133;0;550;556;0;237;8;340;119;3;0;267;132;524;569;237;9;157;52;3;0;96;92;404;401;235;10;0;0;0;0;0;0;0;0;0;0;0;0;0
18.03.18;07:45:00;1;191;55;3;0;79;74;72;407;401;414;236;2;188;54;3;0;76;74;77;400;396;401;236;3;182;51;3;0;72;76;67;401;411;399;236;4;281;95;3;0;203;101;511;509;229;5;174;49;3;0;95;101;0;565;571;0;236;6;169;49;3;0;100;99;0;577;566;0;236;7;175;54;3;0;104;109;0;558;561;0;236;8;277;91;3;0;224;107;522;575;236;9;125;39;3;0;79;76;412;404;235;10;0;0;0;0;0;0;0;0;0;0;0;0;0
18.03.18;07:40:00;1;152;40;3;0;63;60;58;419;410;420;236;2;153;39;3;0;63;61;64;404;399;407;236;3;145;37;3;0;60;62;53;407;418;411;236;4;236;72;3;0;174;85;498;521;229;5;137;36;3;0;76;83;0;570;571;0;236;6;129;35;3;0;81;76;0;579;579;0;236;7;141;37;3;0;84;92;0;565;558;0;236;8;229;68;3;0;188;92;531;566;236;9;102;30;3;0;66;63;418;406;235;10;0;0;0;0;0;0;0;0;0;0;0;0;0
18.03.18;07:35:00;1;143;28;3;0;60;57;55;424;412;423;237;2;143;27;3;0;61;57;59;404;406;417;237;3;136;25;3;0;56;58;50;413;423;412;236;4;225;52;3;0;168;80;509;543;229;5;127;25;3;0;70;78;0;579;575;0;237;6;117;25;3;0;75;70;0;584;586;0;236;7;135;28;3;0;82;88;0;567;561;0;236;8;220;49;3;0;179;89;536;566;237;9;98;23;3;0;63;61;417;410;235;10;0;0;0;0;0;0;0;0;0;0;0;0;0
18.03.18;07:30:00;1;117;16;3;0;50;49;47;428;412;422;237;2;112;15;3;0;47;46;49;426;414;424;236;3;105;14;3;0;45;48;39;424;429;420;236;4;195;33;3;0;145;71;510;517;229;5;99;14;3;0;54;64;0;592;587;0;237;6;98;15;3;0;64;61;0;592;585;0;236;7;104;14;3;0;64;74;0;586;575;0;237;8;185;31;3;0;154;77;542;566;237;9;78;13;3;0;53;49;428;421;236;10;0;0;0;0;0;0;0;0;0;0;0;0;0
18.03.18;07:25:00;1;53;7;3;0;29;24;25;435;424;424;237;2;48;6;3;0;24;23;25;436;422;433;237;3;45;6;3;0;24;26;19;426;434;419;236;4;116;17;3;0;92;42;521;527;229;5;43;7;3;0;25;33;0;600;602;0;237;6;43;7;3;0;37;31;0;599;594;0;237;7;43;7;3;0;34;40;0;597;594;0;237;8;106;16;3;0;95;50;555;563;237;9;38;7;3;0;31;30;437;423;236;10;0;0;0;0;0;0;0;0;0;0;0;0;0
18.03.18;07:20:00;1;21;4;3;0;18;13;11;419;404;415;237;2;19;3;3;0;14;13;17;421;399;400;237;3;22;3;3;0;16;17;12;391;403;373;237;4;59;8;3;0;52;24;508;502;229;5;24;4;3;0;18;20;0;557;581;0;237;6;21;3;3;0;24;18;0;577;566;0;237;7;20;4;3;0;23;25;0;560;575;0;237;8;54;7;3;0;60;31;530;539;237;9;14;0;3;0;18;17;427;408;236;10;0;0;0;0;0;0;0;0;0;0;0;0;0
18.03.18;07:15:00;1;15;0;3;0;15;10;9;393;386;395;225;2;9;0;3;0;8;6;8;410;395;396;154;3;5;0;3;0;5;5;2;407;395;398;94;4;30;3;3;0;31;10;513;531;195;5;17;2;3;0;15;17;0;523;550;0;237;6;16;0;3;0;21;15;0;545;539;0;225;7;16;0;3;0;22;23;0;523;547;0;237;8;25;3;3;0;32;17;534;544;178;9;11;0;3;0;16;15;400;380;236;10;0;0;0;0;0;0;0;0;0;0;0;0;0
18.03.18;07:10:00;1;0;0;1;0;0;0;0;222;406;421;0;2;0;0;1;0;0;0;0;240;324;331;0;3;0;0;1;0;0;0;0;408;205;395;0;4;0;0;1;0;0;0;561;571;0;5;0;0;2;0;0;0;0;578;429;0;0;6;0;0;1;0;0;0;0;355;577;0;0;7;3;0;3;0;4;5;0;557;421;0;71;8;0;0;1;0;0;0;570;578;0;9;0;0;2;0;0;0;313;422;11;10;0;0;0;0;0;0;0;0;0;0;0;0;0
18.03.18;07:05:00;1;0;0;1;0;0;0;0;178;362;374;0;2;0;0;1;0;0;0;0;0;0;0;0;3;0;0;1;0;0;0;0;166;363;341;0;4;0;0;1;0;0;0;362;446;0;5;0;0;1;0;0;0;0;374;358;0;0;6;0;0;1;0;0;0;0;176;516;0;0;7;0;0;1;0;0;0;0;263;523;0;0;8;0;0;1;0;0;0;307;526;0;9;0;0;1;0;0;0;192;381;0;10;0;0;0;0;0;0;0;0;0;0;0;0;0
18.03.18;07:00:00;1;0;0;1;0;0;0;0;157;306;306;0;2;0;0;0;0;0;0;0;0;0;0;0;3;0;0;1;0;0;0;0;189;282;279;0;4;0;0;1;0;0;0;248;401;0;5;0;0;1;0;0;0;0;163;435;0;0;6;0;0;1;0;0;0;0;125;311;0;0;7;0;0;1;0;0;0;0;148;389;0;0;8;0;0;1;0;0;0;216;424;0;9;0;0;1;0;0;0;135;231;0;10;0;0;0;0;0;0;0;0;0;0;0;0;0
18.03.18;06:55:00;1;0;0;1;0;0;0;0;150;181;181;0;2;0;0;0;0;0;0;0;0;0;0;0;3;0;0;1;0;0;0;0;14;151;24;0;4;0;0;0;0;0;0;0;0;0;5;0;0;0;0;0;0;0;0;0;0;0;6;0;0;0;0;0;0;0;0;0;0;0;7;0;0;0;0;0;0;0;0;0;0;0;8;0;0;0;0;0;0;0;0;0;9;0;0;0;0;0;0;0;0;0;10;0;0;0;0;0;0;0;0;0;0;0;0;0
18.03.18;06:50:00;1;0;0;1;0;0;0;0;116;28;12;0;2;0;0;0;0;0;0;0;0;0;0;0;3;0;0;1;0;0;0;0;0;33;0;0;4;0;0;0;0;0;0;0;0;0;5;0;0;0;0;0;0;0;0;0;0;0;6;0;0;0;0;0;0;0;0;0;0;0;7;0;0;0;0;0;0;0;0;0;0;0;8;0;0;0;0;0;0;0;0;0;9;0;0;0;0;0;0;0;0;0;10;0;0;0;0;0;0;0;0;0;0;0;0;0
18.03.18;06:45:00;1;0;0;1;0;0;0;0;133;133;0;0;2;0;0;0;0;0;0;0;0;0;0;0;3;0;0;0;0;0;0;0;0;0;0;0;4;0;0;0;0;0;0;0;0;0;5;0;0;0;0;0;0;0;0;0;0;0;6;0;0;0;0;0;0;0;0;0;0;0;7;0;0;0;0;0;0;0;0;0;0;0;8;0;0;0;0;0;0;0;0;0;9;0;0;0;0;0;0;0;0;0;10;0;0;0;0;0;0;0;0;0;0;0;0;0
18.03.18;06:40:00;1;0;0;0;0;0;0;0;0;0;0;0;2;0;0;0;0;0;0;0;0;0;0;0;3;0;0;0;0;0;0;0;0;0;0;0;4;0;0;0;0;0;0;0;0;0;5;0;0;0;0;0;0;0;0;0;0;0;6;0;0;0;0;0;0;0;0;0;0;0;7;0;0;0;0;0;0;0;0;0;0;0;8;0;0;0;0;0;0;0;0;0;9;0;0;0;0;0;0;0;0;0;10;0;0;0;0;0;0;0;0;0;0;0;0;0
18.03.18;06:35:00;1;0;0;0;0;0;0;0;0;0;0;0;2;0;0;0;0;0;0;0;0;0;0;0;3;0;0;0;0;0;0;0;0;0;0;0;4;0;0;0;0;0;0;0;0;0;5;0;0;0;0;0;0;0;0;0;0;0;6;0;0;0;0;0;0;0;0;0;0;0;7;0;0;0;0;0;0;0;0;0;0;0;8;0;0;0;0;0;0;0;0;0;9;0;0;0;0;0;0;0;0;0;10;0;0;0;0;0;0;0;0;0;0;0;0;0
18.03.18;06:30:00;1;0;0;0;0;0;0;0;0;0;0;0;2;0;0;0;0;0;0;0;0;0;0;0;3;0;0;0;0;0;0;0;0;0;0;0;4;0;0;0;0;0;0;0;0;0;5;0;0;0;0;0;0;0;0;0;0;0;6;0;0;0;0;0;0;0;0;0;0;0;7;0;0;0;0;0;0;0;0;0;0;0;8;0;0;0;0;0;0;0;0;0;9;0;0;0;0;0;0;0;0;0;10;0;0;0;0;0;0;0;0;0;0;0;0;0
18.03.18;06:25:00;1;0;0;0;0;0;0;0;0;0;0;0;2;0;0;0;0;0;0;0;0;0;0;0;3;0;0;0;0;0;0;0;0;0;0;0;4;0;0;0;0;0;0;0;0;0;5;0;0;0;0;0;0;0;0;0;0;0;6;0;0;0;0;0;0;0;0;0;0;0;7;0;0;0;0;0;0;0;0;0;0;0;8;0;0;0;0;0;0;0;0;0;9;0;0;0;0;0;0;0;0;0;10;0;0;0;0;0;0;0;0;0;0;0;0;0
18.03.18;06:20:00;1;0;0;0;0;0;0;0;0;0;0;0;2;0;0;0;0;0;0;0;0;0;0;0;3;0;0;0;0;0;0;0;0;0;0;0;4;0;0;0;0;0;0;0;0;0;5;0;0;0;0;0;0;0;0;0;0;0;6;0;0;0;0;0;0;0;0;0;0;0;7;0;0;0;0;0;0;0;0;0;0;0;8;0;0;0;0;0;0;0;0;0;9;0;0;0;0;0;0;0;0;0;10;0;0;0;0;0;0;0;0;0;0;0;0;0
18.03.18;06:15:00;1;0;0;0;0;0;0;0;0;0;0;0;2;0;0;0;0;0;0;0;0;0;0;0;3;0;0;0;0;0;0;0;0;0;0;0;4;0;0;0;0;0;0;0;0;0;5;0;0;0;0;0;0;0;0;0;0;0;6;0;0;0;0;0;0;0;0;0;0;0;7;0;0;0;0;0;0;0;0;0;0;0;8;0;0;0;0;0;0;0;0;0;9;0;0;0;0;0;0;0;0;0;10;0;0;0;0;0;0;0;0;0;0;0;0;0
18.03.18;06:10:00;1;0;0;0;0;0;0;0;0;0;0;0;2;0;0;0;0;0;0;0;0;0;0;0;3;0;0;0;0;0;0;0;0;0;0;0;4;0;0;0;0;0;0;0;0;0;5;0;0;0;0;0;0;0;0;0;0;0;6;0;0;0;0;0;0;0;0;0;0;0;7;0;0;0;0;0;0;0;0;0;0;0;8;0;0;0;0;0;0;0;0;0;9;0;0;0;0;0;0;0;0;0;10;0;0;0;0;0;0;0;0;0;0;0;0;0
18.03.18;06:05:00;1;0;0;0;0;0;0;0;0;0;0;0;2;0;0;0;0;0;0;0;0;0;0;0;3;0;0;0;0;0;0;0;0;0;0;0;4;0;0;0;0;0;0;0;0;0;5;0;0;0;0;0;0;0;0;0;0;0;6;0;0;0;0;0;0;0;0;0;0;0;7;0;0;0;0;0;0;0;0;0;0;0;8;0;0;0;0;0;0;0;0;0;9;0;0;0;0;0;0;0;0;0;10;0;0;0;0;0;0;0;0;0;0;0;0;0
18.03.18;06:00:00;1;0;0;0;0;0;0;0;0;0;0;0;2;0;0;0;0;0;0;0;0;0;0;0;3;0;0;0;0;0;0;0;0;0;0;0;4;0;0;0;0;0;0;0;0;0;5;0;0;0;0;0;0;0;0;0;0;0;6;0;0;0;0;0;0;0;0;0;0;0;7;0;0;0;0;0;0;0;0;0;0;0;8;0;0;0;0;0;0;0;0;0;9;0;0;0;0;0;0;0;0;0;10;0;0;0;0;0;0;0;0;0;0;0;0;0
18.03.18;05:55:00;1;0;0;0;0;0;0;0;0;0;0;0;2;0;0;0;0;0;0;0;0;0;0;0;3;0;0;0;0;0;0;0;0;0;0;0;4;0;0;0;0;0;0;0;0;0;5;0;0;0;0;0;0;0;0;0;0;0;6;0;0;0;0;0;0;0;0;0;0;0;7;0;0;0;0;0;0;0;0;0;0;0;8;0;0;0;0;0;0;0;0;0;9;0;0;0;0;0;0;0;0;0;10;0;0;0;0;0;0;0;0;0;0;0;0;0
18.03.18;05:50:00;1;0;0;0;0;0;0;0;0;0;0;0;2;0;0;0;0;0;0;0;0;0;0;0;3;0;0;0;0;0;0;0;0;0;0;0;4;0;0;0;0;0;0;0;0;0;5;0;0;0;0;0;0;0;0;0;0;0;6;0;0;0;0;0;0;0;0;0;0;0;7;0;0;0;0;0;0;0;0;0;0;0;8;0;0;0;0;0;0;0;0;0;9;0;0;0;0;0;0;0;0;0;10;0;0;0;0;0;0;0;0;0;0;0;0;0
18.03.18;05:45:00;1;0;0;0;0;0;0;0;0;0;0;0;2;0;0;0;0;0;0;0;0;0;0;0;3;0;0;0;0;0;0;0;0;0;0;0;4;0;0;0;0;0;0;0;0;0;5;0;0;0;0;0;0;0;0;0;0;0;6;0;0;0;0;0;0;0;0;0;0;0;7;0;0;0;0;0;0;0;0;0;0;0;8;0;0;0;0;0;0;0;0;0;9;0;0;0;0;0;0;0;0;0;10;0;0;0;0;0;0;0;0;0;0;0;0;0
18.03.18;05:40:00;1;0;0;0;0;0;0;0;0;0;0;0;2;0;0;0;0;0;0;0;0;0;0;0;3;0;0;0;0;0;0;0;0;0;0;0;4;0;0;0;0;0;0;0;0;0;5;0;0;0;0;0;0;0;0;0;0;0;6;0;0;0;0;0;0;0;0;0;0;0;7;0;0;0;0;0;0;0;0;0;0;0;8;0;0;0;0;0;0;0;0;0;9;0;0;0;0;0;0;0;0;0;10;0;0;0;0;0;0;0;0;0;0;0;0;0
18.03.18;05:35:00;1;0;0;0;0;0;0;0;0;0;0;0;2;0;0;0;0;0;0;0;0;0;0;0;3;0;0;0;0;0;0;0;0;0;0;0;4;0;0;0;0;0;0;0;0;0;5;0;0;0;0;0;0;0;0;0;0;0;6;0;0;0;0;0;0;0;0;0;0;0;7;0;0;0;0;0;0;0;0;0;0;0;8;0;0;0;0;0;0;0;0;0;9;0;0;0;0;0;0;0;0;0;10;0;0;0;0;0;0;0;0;0;0;0;0;0
18.03.18;05:30:00;1;0;0;0;0;0;0;0;0;0;0;0;2;0;0;0;0;0;0;0;0;0;0;0;3;0;0;0;0;0;0;0;0;0;0;0;4;0;0;0;0;0;0;0;0;0;5;0;0;0;0;0;0;0;0;0;0;0;6;0;0;0;0;0;0;0;0;0;0;0;7;0;0;0;0;0;0;0;0;0;0;0;8;0;0;0;0;0;0;0;0;0;9;0;0;0;0;0;0;0;0;0;10;0;0;0;0;0;0;0;0;0;0;0;0;0
18.03.18;05:25:00;1;0;0;0;0;0;0;0;0;0;0;0;2;0;0;0;0;0;0;0;0;0;0;0;3;0;0;0;0;0;0;0;0;0;0;0;4;0;0;0;0;0;0;0;0;0;5;0;0;0;0;0;0;0;0;0;0;0;6;0;0;0;0;0;0;0;0;0;0;0;7;0;0;0;0;0;0;0;0;0;0;0;8;0;0;0;0;0;0;0;0;0;9;0;0;0;0;0;0;0;0;0;10;0;0;0;0;0;0;0;0;0;0;0;0;0
18.03.18;05:20:00;1;0;0;0;0;0;0;0;0;0;0;0;2;0;0;0;0;0;0;0;0;0;0;0;3;0;0;0;0;0;0;0;0;0;0;0;4;0;0;0;0;0;0;0;0;0;5;0;0;0;0;0;0;0;0;0;0;0;6;0;0;0;0;0;0;0;0;0;0;0;7;0;0;0;0;0;0;0;0;0;0;0;8;0;0;0;0;0;0;0;0;0;9;0;0;0;0;0;0;0;0;0;10;0;0;0;0;0;0;0;0;0;0;0;0;0
18.03.18;05:15:00;1;0;0;0;0;0;0;0;0;0;0;0;2;0;0;0;0;0;0;0;0;0;0;0;3;0;0;0;0;0;0;0;0;0;0;0;4;0;0;0;0;0;0;0;0;0;5;0;0;0;0;0;0;0;0;0;0;0;6;0;0;0;0;0;0;0;0;0;0;0;7;0;0;0;0;0;0;0;0;0;0;0;8;0;0;0;0;0;0;0;0;0;9;0;0;0;0;0;0;0;0;0;10;0;0;0;0;0;0;0;0;0;0;0;0;0
18.03.18;05:10:00;1;0;0;0;0;0;0;0;0;0;0;0;2;0;0;0;0;0;0;0;0;0;0;0;3;0;0;0;0;0;0;0;0;0;0;0;4;0;0;0;0;0;0;0;0;0;5;0;0;0;0;0;0;0;0;0;0;0;6;0;0;0;0;0;0;0;0;0;0;0;7;0;0;0;0;0;0;0;0;0;0;0;8;0;0;0;0;0;0;0;0;0;9;0;0;0;0;0;0;0;0;0;10;0;0;0;0;0;0;0;0;0;0;0;0;0
18.03.18;05:05:00;1;0;0;0;0;0;0;0;0;0;0;0;2;0;0;0;0;0;0;0;0;0;0;0;3;0;0;0;0;0;0;0;0;0;0;0;4;0;0;0;0;0;0;0;0;0;5;0;0;0;0;0;0;0;0;0;0;0;6;0;0;0;0;0;0;0;0;0;0;0;7;0;0;0;0;0;0;0;0;0;0;0;8;0;0;0;0;0;0;0;0;0;9;0;0;0;0;0;0;0;0;0;10;0;0;0;0;0;0;0;0;0;0;0;0;0
18.03.18;05:00:00;1;0;0;0;0;0;0;0;0;0;0;0;2;0;0;0;0;0;0;0;0;0;0;0;3;0;0;0;0;0;0;0;0;0;0;0;4;0;0;0;0;0;0;0;0;0;5;0;0;0;0;0;0;0;0;0;0;0;6;0;0;0;0;0;0;0;0;0;0;0;7;0;0;0;0;0;0;0;0;0;0;0;8;0;0;0;0;0;0;0;0;0;9;0;0;0;0;0;0;0;0;0;10;0;0;0;0;0;0;0;0;0;0;0;0;0
18.03.18;04:55:00;1;0;0;0;0;0;0;0;0;0;0;0;2;0;0;0;0;0;0;0;0;0;0;0;3;0;0;0;0;0;0;0;0;0;0;0;4;0;0;0;0;0;0;0;0;0;5;0;0;0;0;0;0;0;0;0;0;0;6;0;0;0;0;0;0;0;0;0;0;0;7;0;0;0;0;0;0;0;0;0;0;0;8;0;0;0;0;0;0;0;0;0;9;0;0;0;0;0;0;0;0;0;10;0;0;0;0;0;0;0;0;0;0;0;0;0
18.03.18;04:50:00;1;0;0;0;0;0;0;0;0;0;0;0;2;0;0;0;0;0;0;0;0;0;0;0;3;0;0;0;0;0;0;0;0;0;0;0;4;0;0;0;0;0;0;0;0;0;5;0;0;0;0;0;0;0;0;0;0;0;6;0;0;0;0;0;0;0;0;0;0;0;7;0;0;0;0;0;0;0;0;0;0;0;8;0;0;0;0;0;0;0;0;0;9;0;0;0;0;0;0;0;0;0;10;0;0;0;0;0;0;0;0;0;0;0;0;0
18.03.18;04:45:00;1;0;0;0;0;0;0;0;0;0;0;0;2;0;0;0;0;0;0;0;0;0;0;0;3;0;0;0;0;0;0;0;0;0;0;0;4;0;0;0;0;0;0;0;0;0;5;0;0;0;0;0;0;0;0;0;0;0;6;0;0;0;0;0;0;0;0;0;0;0;7;0;0;0;0;0;0;0;0;0;0;0;8;0;0;0;0;0;0;0;0;0;9;0;0;0;0;0;0;0;0;0;10;0;0;0;0;0;0;0;0;0;0;0;0;0
18.03.18;04:40:00;1;0;0;0;0;0;0;0;0;0;0;0;2;0;0;0;0;0;0;0;0;0;0;0;3;0;0;0;0;0;0;0;0;0;0;0;4;0;0;0;0;0;0;0;0;0;5;0;0;0;0;0;0;0;0;0;0;0;6;0;0;0;0;0;0;0;0;0;0;0;7;0;0;0;0;0;0;0;0;0;0;0;8;0;0;0;0;0;0;0;0;0;9;0;0;0;0;0;0;0;0;0;10;0;0;0;0;0;0;0;0;0;0;0;0;0
18.03.18;04:35:00;1;0;0;0;0;0;0;0;0;0;0;0;2;0;0;0;0;0;0;0;0;0;0;0;3;0;0;0;0;0;0;0;0;0;0;0;4;0;0;0;0;0;0;0;0;0;5;0;0;0;0;0;0;0;0;0;0;0;6;0;0;0;0;0;0;0;0;0;0;0;7;0;0;0;0;0;0;0;0;0;0;0;8;0;0;0;0;0;0;0;0;0;9;0;0;0;0;0;0;0;0;0;10;0;0;0;0;0;0;0;0;0;0;0;0;0
18.03.18;04:30:00;1;0;0;0;0;0;0;0;0;0;0;0;2;0;0;0;0;0;0;0;0;0;0;0;3;0;0;0;0;0;0;0;0;0;0;0;4;0;0;0;0;0;0;0;0;0;5;0;0;0;0;0;0;0;0;0;0;0;6;0;0;0;0;0;0;0;0;0;0;0;7;0;0;0;0;0;0;0;0;0;0;0;8;0;0;0;0;0;0;0;0;0;9;0;0;0;0;0;0;0;0;0;10;0;0;0;0;0;0;0;0;0;0;0;0;0
18.03.18;04:25:00;1;0;0;0;0;0;0;0;0;0;0;0;2;0;0;0;0;0;0;0;0;0;0;0;3;0;0;0;0;0;0;0;0;0;0;0;4;0;0;0;0;0;0;0;0;0;5;0;0;0;0;0;0;0;0;0;0;0;6;0;0;0;0;0;0;0;0;0;0;0;7;0;0;0;0;0;0;0;0;0;0;0;8;0;0;0;0;0;0;0;0;0;9;0;0;0;0;0;0;0;0;0;10;0;0;0;0;0;0;0;0;0;0;0;0;0
18.03.18;04:20:00;1;0;0;0;0;0;0;0;0;0;0;0;2;0;0;0;0;0;0;0;0;0;0;0;3;0;0;0;0;0;0;0;0;0;0;0;4;0;0;0;0;0;0;0;0;0;5;0;0;0;0;0;0;0;0;0;0;0;6;0;0;0;0;0;0;0;0;0;0;0;7;0;0;0;0;0;0;0;0;0;0;0;8;0;0;0;0;0;0;0;0;0;9;0;0;0;0;0;0;0;0;0;10;0;0;0;0;0;0;0;0;0;0;0;0;0
18.03.18;04:15:00;1;0;0;0;0;0;0;0;0;0;0;0;2;0;0;0;0;0;0;0;0;0;0;0;3;0;0;0;0;0;0;0;0;0;0;0;4;0;0;0;0;0;0;0;0;0;5;0;0;0;0;0;0;0;0;0;0;0;6;0;0;0;0;0;0;0;0;0;0;0;7;0;0;0;0;0;0;0;0;0;0;0;8;0;0;0;0;0;0;0;0;0;9;0;0;0;0;0;0;0;0;0;10;0;0;0;0;0;0;0;0;0;0;0;0;0
18.03.18;04:10:00;1;0;0;0;0;0;0;0;0;0;0;0;2;0;0;0;0;0;0;0;0;0;0;0;3;0;0;0;0;0;0;0;0;0;0;0;4;0;0;0;0;0;0;0;0;0;5;0;0;0;0;0;0;0;0;0;0;0;6;0;0;0;0;0;0;0;0;0;0;0;7;0;0;0;0;0;0;0;0;0;0;0;8;0;0;0;0;0;0;0;0;0;9;0;0;0;0;0;0;0;0;0;10;0;0;0;0;0;0;0;0;0;0;0;0;0
18.03.18;04:05:00;1;0;0;0;0;0;0;0;0;0;0;0;2;0;0;0;0;0;0;0;0;0;0;0;3;0;0;0;0;0;0;0;0;0;0;0;4;0;0;0;0;0;0;0;0;0;5;0;0;0;0;0;0;0;0;0;0;0;6;0;0;0;0;0;0;0;0;0;0;0;7;0;0;0;0;0;0;0;0;0;0;0;8;0;0;0;0;0;0;0;0;0;9;0;0;0;0;0;0;0;0;0;10;0;0;0;0;0;0;0;0;0;0;0;0;0
18.03.18;04:00:00;1;0;0;0;0;0;0;0;0;0;0;0;2;0;0;0;0;0;0;0;0;0;0;0;3;0;0;0;0;0;0;0;0;0;0;0;4;0;0;0;0;0;0;0;0;0;5;0;0;0;0;0;0;0;0;0;0;0;6;0;0;0;0;0;0;0;0;0;0;0;7;0;0;0;0;0;0;0;0;0;0;0;8;0;0;0;0;0;0;0;0;0;9;0;0;0;0;0;0;0;0;0;10;0;0;0;0;0;0;0;0;0;0;0;0;0
18.03.18;03:55:00;1;0;0;0;0;0;0;0;0;0;0;0;2;0;0;0;0;0;0;0;0;0;0;0;3;0;0;0;0;0;0;0;0;0;0;0;4;0;0;0;0;0;0;0;0;0;5;0;0;0;0;0;0;0;0;0;0;0;6;0;0;0;0;0;0;0;0;0;0;0;7;0;0;0;0;0;0;0;0;0;0;0;8;0;0;0;0;0;0;0;0;0;9;0;0;0;0;0;0;0;0;0;10;0;0;0;0;0;0;0;0;0;0;0;0;0
18.03.18;03:50:00;1;0;0;0;0;0;0;0;0;0;0;0;2;0;0;0;0;0;0;0;0;0;0;0;3;0;0;0;0;0;0;0;0;0;0;0;4;0;0;0;0;0;0;0;0;0;5;0;0;0;0;0;0;0;0;0;0;0;6;0;0;0;0;0;0;0;0;0;0;0;7;0;0;0;0;0;0;0;0;0;0;0;8;0;0;0;0;0;0;0;0;0;9;0;0;0;0;0;0;0;0;0;10;0;0;0;0;0;0;0;0;0;0;0;0;0
18.03.18;03:45:00;1;0;0;0;0;0;0;0;0;0;0;0;2;0;0;0;0;0;0;0;0;0;0;0;3;0;0;0;0;0;0;0;0;0;0;0;4;0;0;0;0;0;0;0;0;0;5;0;0;0;0;0;0;0;0;0;0;0;6;0;0;0;0;0;0;0;0;0;0;0;7;0;0;0;0;0;0;0;0;0;0;0;8;0;0;0;0;0;0;0;0;0;9;0;0;0;0;0;0;0;0;0;10;0;0;0;0;0;0;0;0;0;0;0;0;0
18.03.18;03:40:00;1;0;0;0;0;0;0;0;0;0;0;0;2;0;0;0;0;0;0;0;0;0;0;0;3;0;0;0;0;0;0;0;0;0;0;0;4;0;0;0;0;0;0;0;0;0;5;0;0;0;0;0;0;0;0;0;0;0;6;0;0;0;0;0;0;0;0;0;0;0;7;0;0;0;0;0;0;0;0;0;0;0;8;0;0;0;0;0;0;0;0;0;9;0;0;0;0;0;0;0;0;0;10;0;0;0;0;0;0;0;0;0;0;0;0;0
18.03.18;03:35:00;1;0;0;0;0;0;0;0;0;0;0;0;2;0;0;0;0;0;0;0;0;0;0;0;3;0;0;0;0;0;0;0;0;0;0;0;4;0;0;0;0;0;0;0;0;0;5;0;0;0;0;0;0;0;0;0;0;0;6;0;0;0;0;0;0;0;0;0;0;0;7;0;0;0;0;0;0;0;0;0;0;0;8;0;0;0;0;0;0;0;0;0;9;0;0;0;0;0;0;0;0;0;10;0;0;0;0;0;0;0;0;0;0;0;0;0
18.03.18;03:30:00;1;0;0;0;0;0;0;0;0;0;0;0;2;0;0;0;0;0;0;0;0;0;0;0;3;0;0;0;0;0;0;0;0;0;0;0;4;0;0;0;0;0;0;0;0;0;5;0;0;0;0;0;0;0;0;0;0;0;6;0;0;0;0;0;0;0;0;0;0;0;7;0;0;0;0;0;0;0;0;0;0;0;8;0;0;0;0;0;0;0;0;0;9;0;0;0;0;0;0;0;0;0;10;0;0;0;0;0;0;0;0;0;0;0;0;0
18.03.18;03:25:00;1;0;0;0;0;0;0;0;0;0;0;0;2;0;0;0;0;0;0;0;0;0;0;0;3;0;0;0;0;0;0;0;0;0;0;0;4;0;0;0;0;0;0;0;0;0;5;0;0;0;0;0;0;0;0;0;0;0;6;0;0;0;0;0;0;0;0;0;0;0;7;0;0;0;0;0;0;0;0;0;0;0;8;0;0;0;0;0;0;0;0;0;9;0;0;0;0;0;0;0;0;0;10;0;0;0;0;0;0;0;0;0;0;0;0;0
18.03.18;03:20:00;1;0;0;0;0;0;0;0;0;0;0;0;2;0;0;0;0;0;0;0;0;0;0;0;3;0;0;0;0;0;0;0;0;0;0;0;4;0;0;0;0;0;0;0;0;0;5;0;0;0;0;0;0;0;0;0;0;0;6;0;0;0;0;0;0;0;0;0;0;0;7;0;0;0;0;0;0;0;0;0;0;0;8;0;0;0;0;0;0;0;0;0;9;0;0;0;0;0;0;0;0;0;10;0;0;0;0;0;0;0;0;0;0;0;0;0
18.03.18;03:15:00;1;0;0;0;0;0;0;0;0;0;0;0;2;0;0;0;0;0;0;0;0;0;0;0;3;0;0;0;0;0;0;0;0;0;0;0;4;0;0;0;0;0;0;0;0;0;5;0;0;0;0;0;0;0;0;0;0;0;6;0;0;0;0;0;0;0;0;0;0;0;7;0;0;0;0;0;0;0;0;0;0;0;8;0;0;0;0;0;0;0;0;0;9;0;0;0;0;0;0;0;0;0;10;0;0;0;0;0;0;0;0;0;0;0;0;0
18.03.18;03:10:00;1;0;0;0;0;0;0;0;0;0;0;0;2;0;0;0;0;0;0;0;0;0;0;0;3;0;0;0;0;0;0;0;0;0;0;0;4;0;0;0;0;0;0;0;0;0;5;0;0;0;0;0;0;0;0;0;0;0;6;0;0;0;0;0;0;0;0;0;0;0;7;0;0;0;0;0;0;0;0;0;0;0;8;0;0;0;0;0;0;0;0;0;9;0;0;0;0;0;0;0;0;0;10;0;0;0;0;0;0;0;0;0;0;0;0;0
18.03.18;03:05:00;1;0;0;0;0;0;0;0;0;0;0;0;2;0;0;0;0;0;0;0;0;0;0;0;3;0;0;0;0;0;0;0;0;0;0;0;4;0;0;0;0;0;0;0;0;0;5;0;0;0;0;0;0;0;0;0;0;0;6;0;0;0;0;0;0;0;0;0;0;0;7;0;0;0;0;0;0;0;0;0;0;0;8;0;0;0;0;0;0;0;0;0;9;0;0;0;0;0;0;0;0;0;10;0;0;0;0;0;0;0;0;0;0;0;0;0
18.03.18;03:00:00;1;0;0;0;0;0;0;0;0;0;0;0;2;0;0;0;0;0;0;0;0;0;0;0;3;0;0;0;0;0;0;0;0;0;0;0;4;0;0;0;0;0;0;0;0;0;5;0;0;0;0;0;0;0;0;0;0;0;6;0;0;0;0;0;0;0;0;0;0;0;7;0;0;0;0;0;0;0;0;0;0;0;8;0;0;0;0;0;0;0;0;0;9;0;0;0;0;0;0;0;0;0;10;0;0;0;0;0;0;0;0;0;0;0;0;0
18.03.18;02:55:00;1;0;0;0;0;0;0;0;0;0;0;0;2;0;0;0;0;0;0;0;0;0;0;0;3;0;0;0;0;0;0;0;0;0;0;0;4;0;0;0;0;0;0;0;0;0;5;0;0;0;0;0;0;0;0;0;0;0;6;0;0;0;0;0;0;0;0;0;0;0;7;0;0;0;0;0;0;0;0;0;0;0;8;0;0;0;0;0;0;0;0;0;9;0;0;0;0;0;0;0;0;0;10;0;0;0;0;0;0;0;0;0;0;0;0;0
18.03.18;02:50:00;1;0;0;0;0;0;0;0;0;0;0;0;2;0;0;0;0;0;0;0;0;0;0;0;3;0;0;0;0;0;0;0;0;0;0;0;4;0;0;0;0;0;0;0;0;0;5;0;0;0;0;0;0;0;0;0;0;0;6;0;0;0;0;0;0;0;0;0;0;0;7;0;0;0;0;0;0;0;0;0;0;0;8;0;0;0;0;0;0;0;0;0;9;0;0;0;0;0;0;0;0;0;10;0;0;0;0;0;0;0;0;0;0;0;0;0
18.03.18;02:45:00;1;0;0;0;0;0;0;0;0;0;0;0;2;0;0;0;0;0;0;0;0;0;0;0;3;0;0;0;0;0;0;0;0;0;0;0;4;0;0;0;0;0;0;0;0;0;5;0;0;0;0;0;0;0;0;0;0;0;6;0;0;0;0;0;0;0;0;0;0;0;7;0;0;0;0;0;0;0;0;0;0;0;8;0;0;0;0;0;0;0;0;0;9;0;0;0;0;0;0;0;0;0;10;0;0;0;0;0;0;0;0;0;0;0;0;0
18.03.18;02:40:00;1;0;0;0;0;0;0;0;0;0;0;0;2;0;0;0;0;0;0;0;0;0;0;0;3;0;0;0;0;0;0;0;0;0;0;0;4;0;0;0;0;0;0;0;0;0;5;0;0;0;0;0;0;0;0;0;0;0;6;0;0;0;0;0;0;0;0;0;0;0;7;0;0;0;0;0;0;0;0;0;0;0;8;0;0;0;0;0;0;0;0;0;9;0;0;0;0;0;0;0;0;0;10;0;0;0;0;0;0;0;0;0;0;0;0;0
18.03.18;02:35:00;1;0;0;0;0;0;0;0;0;0;0;0;2;0;0;0;0;0;0;0;0;0;0;0;3;0;0;0;0;0;0;0;0;0;0;0;4;0;0;0;0;0;0;0;0;0;5;0;0;0;0;0;0;0;0;0;0;0;6;0;0;0;0;0;0;0;0;0;0;0;7;0;0;0;0;0;0;0;0;0;0;0;8;0;0;0;0;0;0;0;0;0;9;0;0;0;0;0;0;0;0;0;10;0;0;0;0;0;0;0;0;0;0;0;0;0
18.03.18;02:30:00;1;0;0;0;0;0;0;0;0;0;0;0;2;0;0;0;0;0;0;0;0;0;0;0;3;0;0;0;0;0;0;0;0;0;0;0;4;0;0;0;0;0;0;0;0;0;5;0;0;0;0;0;0;0;0;0;0;0;6;0;0;0;0;0;0;0;0;0;0;0;7;0;0;0;0;0;0;0;0;0;0;0;8;0;0;0;0;0;0;0;0;0;9;0;0;0;0;0;0;0;0;0;10;0;0;0;0;0;0;0;0;0;0;0;0;0
18.03.18;02:25:00;1;0;0;0;0;0;0;0;0;0;0;0;2;0;0;0;0;0;0;0;0;0;0;0;3;0;0;0;0;0;0;0;0;0;0;0;4;0;0;0;0;0;0;0;0;0;5;0;0;0;0;0;0;0;0;0;0;0;6;0;0;0;0;0;0;0;0;0;0;0;7;0;0;0;0;0;0;0;0;0;0;0;8;0;0;0;0;0;0;0;0;0;9;0;0;0;0;0;0;0;0;0;10;0;0;0;0;0;0;0;0;0;0;0;0;0
18.03.18;02:20:00;1;0;0;0;0;0;0;0;0;0;0;0;2;0;0;0;0;0;0;0;0;0;0;0;3;0;0;0;0;0;0;0;0;0;0;0;4;0;0;0;0;0;0;0;0;0;5;0;0;0;0;0;0;0;0;0;0;0;6;0;0;0;0;0;0;0;0;0;0;0;7;0;0;0;0;0;0;0;0;0;0;0;8;0;0;0;0;0;0;0;0;0;9;0;0;0;0;0;0;0;0;0;10;0;0;0;0;0;0;0;0;0;0;0;0;0
18.03.18;02:15:00;1;0;0;0;0;0;0;0;0;0;0;0;2;0;0;0;0;0;0;0;0;0;0;0;3;0;0;0;0;0;0;0;0;0;0;0;4;0;0;0;0;0;0;0;0;0;5;0;0;0;0;0;0;0;0;0;0;0;6;0;0;0;0;0;0;0;0;0;0;0;7;0;0;0;0;0;0;0;0;0;0;0;8;0;0;0;0;0;0;0;0;0;9;0;0;0;0;0;0;0;0;0;10;0;0;0;0;0;0;0;0;0;0;0;0;0
18.03.18;02:10:00;1;0;0;0;0;0;0;0;0;0;0;0;2;0;0;0;0;0;0;0;0;0;0;0;3;0;0;0;0;0;0;0;0;0;0;0;4;0;0;0;0;0;0;0;0;0;5;0;0;0;0;0;0;0;0;0;0;0;6;0;0;0;0;0;0;0;0;0;0;0;7;0;0;0;0;0;0;0;0;0;0;0;8;0;0;0;0;0;0;0;0;0;9;0;0;0;0;0;0;0;0;0;10;0;0;0;0;0;0;0;0;0;0;0;0;0
18.03.18;02:05:00;1;0;0;0;0;0;0;0;0;0;0;0;2;0;0;0;0;0;0;0;0;0;0;0;3;0;0;0;0;0;0;0;0;0;0;0;4;0;0;0;0;0;0;0;0;0;5;0;0;0;0;0;0;0;0;0;0;0;6;0;0;0;0;0;0;0;0;0;0;0;7;0;0;0;0;0;0;0;0;0;0;0;8;0;0;0;0;0;0;0;0;0;9;0;0;0;0;0;0;0;0;0;10;0;0;0;0;0;0;0;0;0;0;0;0;0
18.03.18;02:00:00;1;0;0;0;0;0;0;0;0;0;0;0;2;0;0;0;0;0;0;0;0;0;0;0;3;0;0;0;0;0;0;0;0;0;0;0;4;0;0;0;0;0;0;0;0;0;5;0;0;0;0;0;0;0;0;0;0;0;6;0;0;0;0;0;0;0;0;0;0;0;7;0;0;0;0;0;0;0;0;0;0;0;8;0;0;0;0;0;0;0;0;0;9;0;0;0;0;0;0;0;0;0;10;0;0;0;0;0;0;0;0;0;0;0;0;0
18.03.18;01:55:00;1;0;0;0;0;0;0;0;0;0;0;0;2;0;0;0;0;0;0;0;0;0;0;0;3;0;0;0;0;0;0;0;0;0;0;0;4;0;0;0;0;0;0;0;0;0;5;0;0;0;0;0;0;0;0;0;0;0;6;0;0;0;0;0;0;0;0;0;0;0;7;0;0;0;0;0;0;0;0;0;0;0;8;0;0;0;0;0;0;0;0;0;9;0;0;0;0;0;0;0;0;0;10;0;0;0;0;0;0;0;0;0;0;0;0;0
18.03.18;01:50:00;1;0;0;0;0;0;0;0;0;0;0;0;2;0;0;0;0;0;0;0;0;0;0;0;3;0;0;0;0;0;0;0;0;0;0;0;4;0;0;0;0;0;0;0;0;0;5;0;0;0;0;0;0;0;0;0;0;0;6;0;0;0;0;0;0;0;0;0;0;0;7;0;0;0;0;0;0;0;0;0;0;0;8;0;0;0;0;0;0;0;0;0;9;0;0;0;0;0;0;0;0;0;10;0;0;0;0;0;0;0;0;0;0;0;0;0
18.03.18;01:45:00;1;0;0;0;0;0;0;0;0;0;0;0;2;0;0;0;0;0;0;0;0;0;0;0;3;0;0;0;0;0;0;0;0;0;0;0;4;0;0;0;0;0;0;0;0;0;5;0;0;0;0;0;0;0;0;0;0;0;6;0;0;0;0;0;0;0;0;0;0;0;7;0;0;0;0;0;0;0;0;0;0;0;8;0;0;0;0;0;0;0;0;0;9;0;0;0;0;0;0;0;0;0;10;0;0;0;0;0;0;0;0;0;0;0;0;0
18.03.18;01:40:00;1;0;0;0;0;0;0;0;0;0;0;0;2;0;0;0;0;0;0;0;0;0;0;0;3;0;0;0;0;0;0;0;0;0;0;0;4;0;0;0;0;0;0;0;0;0;5;0;0;0;0;0;0;0;0;0;0;0;6;0;0;0;0;0;0;0;0;0;0;0;7;0;0;0;0;0;0;0;0;0;0;0;8;0;0;0;0;0;0;0;0;0;9;0;0;0;0;0;0;0;0;0;10;0;0;0;0;0;0;0;0;0;0;0;0;0
18.03.18;01:35:00;1;0;0;0;0;0;0;0;0;0;0;0;2;0;0;0;0;0;0;0;0;0;0;0;3;0;0;0;0;0;0;0;0;0;0;0;4;0;0;0;0;0;0;0;0;0;5;0;0;0;0;0;0;0;0;0;0;0;6;0;0;0;0;0;0;0;0;0;0;0;7;0;0;0;0;0;0;0;0;0;0;0;8;0;0;0;0;0;0;0;0;0;9;0;0;0;0;0;0;0;0;0;10;0;0;0;0;0;0;0;0;0;0;0;0;0
18.03.18;01:30:00;1;0;0;0;0;0;0;0;0;0;0;0;2;0;0;0;0;0;0;0;0;0;0;0;3;0;0;0;0;0;0;0;0;0;0;0;4;0;0;0;0;0;0;0;0;0;5;0;0;0;0;0;0;0;0;0;0;0;6;0;0;0;0;0;0;0;0;0;0;0;7;0;0;0;0;0;0;0;0;0;0;0;8;0;0;0;0;0;0;0;0;0;9;0;0;0;0;0;0;0;0;0;10;0;0;0;0;0;0;0;0;0;0;0;0;0
18.03.18;01:25:00;1;0;0;0;0;0;0;0;0;0;0;0;2;0;0;0;0;0;0;0;0;0;0;0;3;0;0;0;0;0;0;0;0;0;0;0;4;0;0;0;0;0;0;0;0;0;5;0;0;0;0;0;0;0;0;0;0;0;6;0;0;0;0;0;0;0;0;0;0;0;7;0;0;0;0;0;0;0;0;0;0;0;8;0;0;0;0;0;0;0;0;0;9;0;0;0;0;0;0;0;0;0;10;0;0;0;0;0;0;0;0;0;0;0;0;0
18.03.18;01:20:00;1;0;0;0;0;0;0;0;0;0;0;0;2;0;0;0;0;0;0;0;0;0;0;0;3;0;0;0;0;0;0;0;0;0;0;0;4;0;0;0;0;0;0;0;0;0;5;0;0;0;0;0;0;0;0;0;0;0;6;0;0;0;0;0;0;0;0;0;0;0;7;0;0;0;0;0;0;0;0;0;0;0;8;0;0;0;0;0;0;0;0;0;9;0;0;0;0;0;0;0;0;0;10;0;0;0;0;0;0;0;0;0;0;0;0;0
18.03.18;01:15:00;1;0;0;0;0;0;0;0;0;0;0;0;2;0;0;0;0;0;0;0;0;0;0;0;3;0;0;0;0;0;0;0;0;0;0;0;4;0;0;0;0;0;0;0;0;0;5;0;0;0;0;0;0;0;0;0;0;0;6;0;0;0;0;0;0;0;0;0;0;0;7;0;0;0;0;0;0;0;0;0;0;0;8;0;0;0;0;0;0;0;0;0;9;0;0;0;0;0;0;0;0;0;10;0;0;0;0;0;0;0;0;0;0;0;0;0
18.03.18;01:10:00;1;0;0;0;0;0;0;0;0;0;0;0;2;0;0;0;0;0;0;0;0;0;0;0;3;0;0;0;0;0;0;0;0;0;0;0;4;0;0;0;0;0;0;0;0;0;5;0;0;0;0;0;0;0;0;0;0;0;6;0;0;0;0;0;0;0;0;0;0;0;7;0;0;0;0;0;0;0;0;0;0;0;8;0;0;0;0;0;0;0;0;0;9;0;0;0;0;0;0;0;0;0;10;0;0;0;0;0;0;0;0;0;0;0;0;0
18.03.18;01:05:00;1;0;0;0;0;0;0;0;0;0;0;0;2;0;0;0;0;0;0;0;0;0;0;0;3;0;0;0;0;0;0;0;0;0;0;0;4;0;0;0;0;0;0;0;0;0;5;0;0;0;0;0;0;0;0;0;0;0;6;0;0;0;0;0;0;0;0;0;0;0;7;0;0;0;0;0;0;0;0;0;0;0;8;0;0;0;0;0;0;0;0;0;9;0;0;0;0;0;0;0;0;0;10;0;0;0;0;0;0;0;0;0;0;0;0;0
18.03.18;01:00:00;1;0;0;0;0;0;0;0;0;0;0;0;2;0;0;0;0;0;0;0;0;0;0;0;3;0;0;0;0;0;0;0;0;0;0;0;4;0;0;0;0;0;0;0;0;0;5;0;0;0;0;0;0;0;0;0;0;0;6;0;0;0;0;0;0;0;0;0;0;0;7;0;0;0;0;0;0;0;0;0;0;0;8;0;0;0;0;0;0;0;0;0;9;0;0;0;0;0;0;0;0;0;10;0;0;0;0;0;0;0;0;0;0;0;0;0
18.03.18;00:55:00;1;0;0;0;0;0;0;0;0;0;0;0;2;0;0;0;0;0;0;0;0;0;0;0;3;0;0;0;0;0;0;0;0;0;0;0;4;0;0;0;0;0;0;0;0;0;5;0;0;0;0;0;0;0;0;0;0;0;6;0;0;0;0;0;0;0;0;0;0;0;7;0;0;0;0;0;0;0;0;0;0;0;8;0;0;0;0;0;0;0;0;0;9;0;0;0;0;0;0;0;0;0;10;0;0;0;0;0;0;0;0;0;0;0;0;0
18.03.18;00:50:00;1;0;0;0;0;0;0;0;0;0;0;0;2;0;0;0;0;0;0;0;0;0;0;0;3;0;0;0;0;0;0;0;0;0;0;0;4;0;0;0;0;0;0;0;0;0;5;0;0;0;0;0;0;0;0;0;0;0;6;0;0;0;0;0;0;0;0;0;0;0;7;0;0;0;0;0;0;0;0;0;0;0;8;0;0;0;0;0;0;0;0;0;9;0;0;0;0;0;0;0;0;0;10;0;0;0;0;0;0;0;0;0;0;0;0;0
18.03.18;00:45:00;1;0;0;0;0;0;0;0;0;0;0;0;2;0;0;0;0;0;0;0;0;0;0;0;3;0;0;0;0;0;0;0;0;0;0;0;4;0;0;0;0;0;0;0;0;0;5;0;0;0;0;0;0;0;0;0;0;0;6;0;0;0;0;0;0;0;0;0;0;0;7;0;0;0;0;0;0;0;0;0;0;0;8;0;0;0;0;0;0;0;0;0;9;0;0;0;0;0;0;0;0;0;10;0;0;0;0;0;0;0;0;0;0;0;0;0
18.03.18;00:40:00;1;0;0;0;0;0;0;0;0;0;0;0;2;0;0;0;0;0;0;0;0;0;0;0;3;0;0;0;0;0;0;0;0;0;0;0;4;0;0;0;0;0;0;0;0;0;5;0;0;0;0;0;0;0;0;0;0;0;6;0;0;0;0;0;0;0;0;0;0;0;7;0;0;0;0;0;0;0;0;0;0;0;8;0;0;0;0;0;0;0;0;0;9;0;0;0;0;0;0;0;0;0;10;0;0;0;0;0;0;0;0;0;0;0;0;0
18.03.18;00:35:00;1;0;0;0;0;0;0;0;0;0;0;0;2;0;0;0;0;0;0;0;0;0;0;0;3;0;0;0;0;0;0;0;0;0;0;0;4;0;0;0;0;0;0;0;0;0;5;0;0;0;0;0;0;0;0;0;0;0;6;0;0;0;0;0;0;0;0;0;0;0;7;0;0;0;0;0;0;0;0;0;0;0;8;0;0;0;0;0;0;0;0;0;9;0;0;0;0;0;0;0;0;0;10;0;0;0;0;0;0;0;0;0;0;0;0;0
18.03.18;00:30:00;1;0;0;0;0;0;0;0;0;0;0;0;2;0;0;0;0;0;0;0;0;0;0;0;3;0;0;0;0;0;0;0;0;0;0;0;4;0;0;0;0;0;0;0;0;0;5;0;0;0;0;0;0;0;0;0;0;0;6;0;0;0;0;0;0;0;0;0;0;0;7;0;0;0;0;0;0;0;0;0;0;0;8;0;0;0;0;0;0;0;0;0;9;0;0;0;0;0;0;0;0;0;10;0;0;0;0;0;0;0;0;0;0;0;0;0
18.03.18;00:25:00;1;0;0;0;0;0;0;0;0;0;0;0;2;0;0;0;0;0;0;0;0;0;0;0;3;0;0;0;0;0;0;0;0;0;0;0;4;0;0;0;0;0;0;0;0;0;5;0;0;0;0;0;0;0;0;0;0;0;6;0;0;0;0;0;0;0;0;0;0;0;7;0;0;0;0;0;0;0;0;0;0;0;8;0;0;0;0;0;0;0;0;0;9;0;0;0;0;0;0;0;0;0;10;0;0;0;0;0;0;0;0;0;0;0;0;0
18.03.18;00:20:00;1;0;0;0;0;0;0;0;0;0;0;0;2;0;0;0;0;0;0;0;0;0;0;0;3;0;0;0;0;0;0;0;0;0;0;0;4;0;0;0;0;0;0;0;0;0;5;0;0;0;0;0;0;0;0;0;0;0;6;0;0;0;0;0;0;0;0;0;0;0;7;0;0;0;0;0;0;0;0;0;0;0;8;0;0;0;0;0;0;0;0;0;9;0;0;0;0;0;0;0;0;0;10;0;0;0;0;0;0;0;0;0;0;0;0;0
18.03.18;00:15:00;1;0;0;0;0;0;0;0;0;0;0;0;2;0;0;0;0;0;0;0;0;0;0;0;3;0;0;0;0;0;0;0;0;0;0;0;4;0;0;0;0;0;0;0;0;0;5;0;0;0;0;0;0;0;0;0;0;0;6;0;0;0;0;0;0;0;0;0;0;0;7;0;0;0;0;0;0;0;0;0;0;0;8;0;0;0;0;0;0;0;0;0;9;0;0;0;0;0;0;0;0;0;10;0;0;0;0;0;0;0;0;0;0;0;0;0
18.03.18;00:10:00;1;0;0;0;0;0;0;0;0;0;0;0;2;0;0;0;0;0;0;0;0;0;0;0;3;0;0;0;0;0;0;0;0;0;0;0;4;0;0;0;0;0;0;0;0;0;5;0;0;0;0;0;0;0;0;0;0;0;6;0;0;0;0;0;0;0;0;0;0;0;7;0;0;0;0;0;0;0;0;0;0;0;8;0;0;0;0;0;0;0;0;0;9;0;0;0;0;0;0;0;0;0;10;0;0;0;0;0;0;0;0;0;0;0;0;0
18.03.18;00:05:00;1;0;0;0;0;0;0;0;0;0;0;0;2;0;0;0;0;0;0;0;0;0;0;0;3;0;0;0;0;0;0;0;0;0;0;0;4;0;0;0;0;0;0;0;0;0;5;0;0;0;0;0;0;0;0;0;0;0;6;0;0;0;0;0;0;0;0;0;0;0;7;0;0;0;0;0;0;0;0;0;0;0;8;0;0;0;0;0;0;0;0;0;9;0;0;0;0;0;0;0;0;0;10;0;0;0;0;0;0;0;0;0;0;0;0;0
18.03.18;00:00:00;1;0;0;0;0;0;0;0;0;0;0;0;2;0;0;0;0;0;0;0;0;0;0;0;3;0;0;0;0;0;0;0;0;0;0;0;4;0;0;0;0;0;0;0;0;0;5;0;0;0;0;0;0;0;0;0;0;0;6;0;0;0;0;0;0;0;0;0;0;0;7;0;0;0;0;0;0;0;0;0;0;0;8;0;0;0;0;0;0;0;0;0;9;0;0;0;0;0;0;0;0;0;10;0;0;0;0;0;0;0;0;0;0;0;0;0
