Time;cloudCover;dewPoint;humidity;ozone;pressure;temp;uvIndex;visibility;windBearing;windGust;windSpeed;totalAcPower
15.06.2018 12:00;0.4;51.24;0.39;331.94;1007.29;78.11;8;9.97;278;14.79;11.01;36168
15.06.2018 12:05;0.4;51.04;0.39;332;1007.25;78.29;8;9.97;277;14.83;10.94;36080
15.06.2018 12:10;0.39;50.83;0.38;332.06;1007.22;78.47;9;9.97;276;14.88;10.87;35989
15.06.2018 12:15;0.38;50.61;0.38;332.12;1007.19;78.64;9;9.97;275;14.93;10.81;36363
15.06.2018 12:20;0.38;50.39;0.37;332.19;1007.16;78.82;9;9.97;274;14.97;10.75;36482
15.06.2018 12:25;0.37;50.17;0.37;332.25;1007.12;79;9;9.97;273;15.02;10.69;36705
15.06.2018 12:30;0.37;49.94;0.36;332.31;1007.09;79.17;9;9.97;271;15.06;10.64;37367
15.06.2018 12:35;0.36;49.7;0.36;332.37;1007.06;79.35;9;9.97;270;15.11;10.59;37177
15.06.2018 12:40;0.35;49.46;0.35;332.44;1007.02;79.53;9;9.97;269;15.15;10.55;37571
15.06.2018 12:45;0.35;49.21;0.34;332.5;1006.99;79.7;9;9.97;268;15.2;10.51;38075
15.06.2018 12:50;0.34;48.96;0.34;332.56;1006.96;79.88;9;9.97;267;15.25;10.47;38234
15.06.2018 12:55;0.34;48.7;0.33;332.63;1006.93;80.06;9;9.97;266;15.29;10.44;38259
15.06.2018 13:00;0.33;48.43;0.33;332.69;1006.89;80.23;9;9.97;265;15.34;10.41;38164
15.06.2018 13:05;0.34;48;0.32;332.73;1006.88;80.37;9;9.97;266;15.34;10.51;38452
15.06.2018 13:10;0.35;47.57;0.32;332.77;1006.87;80.51;9;9.97;266;15.34;10.61;39458
15.06.2018 13:15;0.36;47.12;0.31;332.82;1006.85;80.64;9;9.97;267;15.34;10.72;39616
15.06.2018 13:20;0.37;46.66;0.3;332.86;1006.84;80.78;9;9.97;268;15.35;10.83;37385
15.06.2018 13:25;0.38;46.19;0.3;332.9;1006.83;80.92;9;9.97;269;15.35;10.94;38636
15.06.2018 13:30;0.39;45.71;0.29;332.94;1006.81;81.05;9;9.97;270;15.35;11.05;31284
15.06.2018 13:35;0.39;45.21;0.28;332.99;1006.8;81.12;8;9.97;271;15.35;11.18;41329
15.06.2018 13:40;0.4;44.7;0.28;333.03;1006.78;81.32;8;9.97;272;15.35;11.28;40467
15.06.2018 13:45;0.41;44.18;0.27;333.07;1006.77;81.46;8;9.97;272;15.36;11.4;40295
15.06.2018 13:50;0.42;43.64;0.26;333.11;1006.76;81.6;8;9.97;273;15.36;11.53;38996
15.06.2018 13:55;0.43;43.08;0.26;333.16;1006.74;81.66;8;9.97;274;15.36;11.66;36646
15.06.2018 14:00;0.44;42.52;0.25;333.2;1006.73;81.87;8;9.97;275;15.36;11.78;39039
15.06.2018 14:05;0.44;42.68;0.25;332.71;1006.69;81.9;7;9.97;274;15.36;11.79;40402
15.06.2018 14:10;0.43;42.84;0.25;332.21;1006.65;81.92;7;9.97;274;15.36;11.8;40756
15.06.2018 14:15;0.42;43;0.25;331.72;1006.61;81.95;7;9.97;274;15.36;11.81;40268
15.06.2018 14:20;0.42;43.16;0.25;331.22;1006.56;81.97;7;9.97;274;15.37;11.82;40046
15.06.2018 14:25;0.41;43.32;0.26;330.73;1006.52;82;7;9.97;273;15.37;11.83;39556
15.06.2018 14:30;0.4;43.48;0.26;330.23;1006.48;82.02;7;9.97;273;15.37;11.84;39501
15.06.2018 14:35;0.4;43.64;0.26;329.74;1006.44;82.05;7;9.97;273;15.37;11.85;39037
15.06.2018 14:40;0.39;43.8;0.26;329.25;1006.4;82.07;6;9.97;272;15.37;11.87;38647
15.06.2018 14:45;0.39;43.96;0.26;328.75;1006.36;82.1;6;9.97;272;15.37;11.88;38258
15.06.2018 14:50;0.38;44.12;0.26;328.26;1006.32;82.12;6;9.97;272;15.37;11.89;38449
15.06.2018 14:55;0.37;44.27;0.26;327.76;1006.28;82.15;6;9.97;271;15.37;11.91;39256
15.06.2018 15:00;0.37;44.43;0.27;327.27;1006.24;82.18;6;9.97;271;15.37;11.92;18423
15.06.2018 15:05;0.38;44.53;0.27;327.27;1006.23;82.07;6;9.97;272;15.34;11.64;40773
15.06.2018 15:10;0.38;44.64;0.27;327.27;1006.21;81.97;5;9.97;273;15.31;11.37;39448
15.06.2018 15:15;0.39;44.74;0.27;327.28;1006.2;81.87;5;9.97;274;15.28;11.11;38159
15.06.2018 15:20;0.4;44.84;0.27;327.28;1006.19;81.77;5;9.97;275;15.24;10.84;22895
15.06.2018 15:25;0.41;44.95;0.28;327.28;1006.18;81.67;5;9.97;276;15.21;10.58;26450
15.06.2018 15:30;0.42;45.05;0.28;327.28;1006.17;81.57;4;9.97;277;15.18;10.32;38259
15.06.2018 15:35;0.43;45.14;0.28;327.29;1006.16;81.47;4;9.97;278;15.15;10.07;37703
15.06.2018 15:40;0.43;45.24;0.28;327.29;1006.15;81.37;4;9.97;280;15.12;9.82;37526
15.06.2018 15:45;0.44;45.34;0.28;327.29;1006.14;81.27;4;9.97;281;15.08;9.58;32315
15.06.2018 15:50;0.45;45.43;0.29;327.3;1006.13;81.17;4;9.97;282;15.05;9.34;15797
15.06.2018 15:55;0.46;45.52;0.29;327.3;1006.12;81.06;3;9.97;284;15.02;9.11;14521
15.06.2018 16:00;0.47;45.62;0.29;327.3;1006.11;80.96;3;9.97;285;14.99;8.88;23430
15.06.2018 16:05;0.47;45.49;0.29;327.37;1006.11;81.04;3;9.97;285;14.94;8.99;30373
15.06.2018 16:10;0.46;45.36;0.28;327.44;1006.11;81.12;3;9.97;285;14.88;9.1;36083
15.06.2018 16:15;0.46;45.23;0.28;327.51;1006.12;81.2;3;9.97;284;14.83;9.21;35384
15.06.2018 16:20;0.46;45.1;0.28;327.58;1006.12;81.28;3;9.97;284;14.78;9.32;33590
15.06.2018 16:25;0.46;44.96;0.28;327.65;1006.13;81.36;3;9.97;284;14.73;9.43;22084
15.06.2018 16:30;0.46;44.83;0.28;327.72;1006.13;81.43;2;9.97;284;14.68;9.54;34083
15.06.2018 16:35;0.45;44.69;0.27;327.79;1006.13;81.51;2;9.97;283;14.63;9.65;32971
15.06.2018 16:40;0.45;44.55;0.27;327.86;1006.14;81.59;2;9.97;283;14.58;9.76;32282
15.06.2018 16:45;0.45;44.41;0.27;327.93;1006.14;81.67;2;9.97;283;14.52;9.87;31206
15.06.2018 16:50;0.45;44.27;0.27;328;1006.14;81.75;2;9.97;283;14.47;9.98;30258
15.06.2018 16:55;0.45;44.13;0.27;328.07;1006.15;81.83;2;9.97;283;14.42;10.1;29283
15.06.2018 17:00;0.45;43.99;0.26;328.14;1006.15;81.91;2;9.97;282;14.37;10.21;24151
15.06.2018 17:05;0.45;44.13;0.27;328.21;1006.19;81.78;2;9.97;285;14.32;10.04;28658
15.06.2018 17:10;0.46;44.26;0.27;328.29;1006.22;81.65;2;9.97;288;14.27;9.9;21216
15.06.2018 17:15;0.47;44.4;0.27;328.36;1006.25;81.52;1;9.97;290;14.22;9.78;27371
15.06.2018 17:20;0.48;44.53;0.27;328.43;1006.29;81.4;1;9.97;293;14.17;9.68;27684
15.06.2018 17:25;0.49;44.66;0.28;328.51;1006.32;81.27;1;9.97;296;14.12;9.61;26725
15.06.2018 17:30;0.5;44.79;0.28;328.58;1006.36;81.14;1;9.97;299;14.07;9.56;25258
15.06.2018 17:35;0.51;44.92;0.28;328.65;1006.39;81.01;1;9.97;302;14.02;9.53;24115
15.06.2018 17:40;0.52;45.04;0.28;328.73;1006.43;80.88;1;9.97;305;13.96;9.53;8936
15.06.2018 17:45;0.53;45.16;0.29;328.8;1006.46;80.76;1;9.97;308;13.91;9.56;20815
15.06.2018 17:50;0.54;45.28;0.29;328.87;1006.49;80.63;1;9.97;311;13.86;9.61;23246
15.06.2018 17:55;0.55;45.4;0.29;328.95;1006.53;80.5;1;9.97;313;13.81;9.68;22296
15.06.2018 18:00;0.56;45.52;0.29;329.02;1006.56;80.37;1;9.97;316;13.76;9.78;21515
15.06.2018 18:05;0.58;45.81;0.3;329.12;1006.67;79.83;1;9.82;319;14.85;9.75;20832
15.06.2018 18:10;0.59;46.07;0.31;329.21;1006.78;79.29;1;9.66;321;15.95;9.74;11167
15.06.2018 18:15;0.61;46.32;0.32;329.31;1006.89;78.75;1;9.51;324;17.04;9.75;19671
15.06.2018 18:20;0.62;46.55;0.33;329.4;1007;78.21;1;9.36;327;18.13;9.78;14698
15.06.2018 18:25;0.64;46.75;0.34;329.5;1007.11;77.67;1;9.21;329;19.22;9.83;8661
15.06.2018 18:30;0.66;46.94;0.34;329.59;1007.22;77.12;0;9.06;332;20.32;9.9;13464
15.06.2018 18:35;0.67;47.12;0.35;329.69;1007.33;76.58;0;8.91;334;21.41;9.99;14960
15.06.2018 18:40;0.69;47.27;0.36;329.78;1007.44;76.04;0;8.76;337;22.5;10.1;11408
15.06.2018 18:45;0.7;47.42;0.37;329.88;1007.55;75.5;0;8.61;339;23.59;10.23;9056
15.06.2018 18:50;0.72;47.54;0.38;329.97;1007.66;74.96;0;8.46;342;24.69;10.37;6681
15.06.2018 18:55;0.74;47.65;0.39;330.07;1007.77;74.42;0;8.31;344;25.78;10.53;8651
15.06.2018 19:00;0.75;47.75;0.4;330.16;1007.88;73.88;0;8.16;346;26.87;10.71;13143
15.06.2018 19:05;0.74;47.94;0.4;330.27;1007.95;73.84;0;8.11;342;25.73;10.35;13221
15.06.2018 19:10;0.72;48.13;0.4;330.37;1008.02;73.81;0;8.06;338;24.59;10.04;10933
15.06.2018 19:15;0.7;48.32;0.41;330.47;1008.08;73.78;0;8.01;334;23.45;9.78;9861
15.06.2018 19:20;0.68;48.51;0.41;330.58;1008.15;73.75;0;7.96;329;22.3;9.59;6175
15.06.2018 19:25;0.66;48.69;0.41;330.68;1008.22;73.72;0;7.91;324;21.16;9.47;4533
15.06.2018 19:30;0.64;48.88;0.42;330.78;1008.29;73.68;0;7.86;319;20.02;9.41;3071
15.06.2018 19:35;0.63;49.06;0.42;330.89;1008.35;73.65;0;7.81;314;18.88;9.42;2107
15.06.2018 19:40;0.61;49.24;0.42;330.99;1008.42;73.62;0;7.77;309;17.74;9.5;1455
15.06.2018 19:45;0.59;49.42;0.43;331.1;1008.49;73.59;0;7.72;305;16.6;9.65;1350
15.06.2018 19:50;0.57;49.6;0.43;331.2;1008.55;73.56;0;7.67;300;15.45;9.86;1394
15.06.2018 19:55;0.55;49.78;0.43;331.3;1008.62;73.53;0;7.62;296;14.31;10.13;2316
15.06.2018 20:00;0.53;49.95;0.44;331.41;1008.69;73.49;0;7.57;292;13.17;10.46;3237
15.06.2018 20:05;0.53;50.16;0.45;331.92;1008.73;72.92;0;7.65;294;13.27;9.74;3150
15.06.2018 20:10;0.53;50.35;0.46;332.42;1008.77;72.35;0;7.73;297;13.37;9.03;3797
15.06.2018 20:15;0.53;50.52;0.47;332.93;1008.82;71.78;0;7.81;300;13.47;8.35;4139
15.06.2018 20:20;0.53;50.68;0.48;333.44;1008.86;71.21;0;7.89;303;13.56;7.69;4034
15.06.2018 20:25;0.52;50.81;0.5;333.95;1008.9;70.63;0;7.98;308;13.66;7.08;3743
15.06.2018 20:30;0.52;50.93;0.51;334.45;1008.95;70.06;0;8.06;313;13.76;6.51;3177
15.06.2018 20:35;0.52;51.03;0.52;334.96;1008.99;69.49;0;8.14;319;13.86;6;2259
15.06.2018 20:40;0.52;51.11;0.53;335.47;1009.03;68.92;0;8.22;326;13.96;5.58;1631
15.06.2018 20:45;0.52;51.18;0.54;335.98;1009.08;68.35;0;8.3;334;14.05;5.25;1346
15.06.2018 20:50;0.51;51.24;0.55;336.48;1009.12;67.77;0;8.38;343;14.15;5.05;1245
15.06.2018 20:55;0.51;51.28;0.57;336.99;1009.16;67.2;0;8.46;353;14.25;4.97;764
15.06.2018 21:00;0.51;51.31;0.58;337.5;1009.21;66.63;0;8.55;2;14.35;5.04;471
15.06.2018 21:05;0.52;51.33;0.58;337.5;1009.24;66.35;0;8.67;7;14.13;4.92;361
15.06.2018 21:10;0.53;51.35;0.59;337.51;1009.28;66.08;0;8.79;12;13.91;4.84;101
15.06.2018 21:15;0.54;51.37;0.6;337.51;1009.32;65.8;0;8.91;17;13.69;4.79;2
15.06.2018 21:20;0.55;51.38;0.6;337.52;1009.35;65.53;0;9.03;21;13.47;4.77;0
15.06.2018 21:25;0.57;51.39;0.61;337.52;1009.39;65.25;0;9.15;26;13.25;4.79;0
15.06.2018 21:30;0.58;51.39;0.61;337.53;1009.43;64.98;0;9.27;31;13.03;4.85;0
15.06.2018 21:35;0.59;51.4;0.62;337.53;1009.46;64.71;0;9.39;36;12.81;4.94;0
15.06.2018 21:40;0.6;51.4;0.63;337.53;1009.5;64.43;0;9.51;41;12.59;5.06;0
15.06.2018 21:45;0.61;51.39;0.63;337.54;1009.54;64.16;0;9.63;45;12.36;5.21;0
15.06.2018 21:50;0.62;51.39;0.64;337.54;1009.57;63.88;0;9.76;49;12.14;5.39;0
15.06.2018 21:55;0.63;51.38;0.64;337.55;1009.61;63.61;0;9.88;53;11.92;5.6;0
15.06.2018 22:00;0.64;51.37;0.65;337.55;1009.65;63.33;0;10;56;11.7;5.82;0
15.06.2018 22:05;0.63;51.46;0.66;337.44;1009.67;63.17;0;10;59;11.39;5.24;0
15.06.2018 22:10;0.61;51.54;0.66;337.33;1009.7;63.01;0;10;62;11.08;4.67;0
15.06.2018 22:15;0.6;51.62;0.67;337.22;1009.73;62.85;0;10;66;10.77;4.12;0
15.06.2018 22:20;0.58;51.7;0.67;337.11;1009.75;62.69;0;10;71;10.46;3.6;0
15.06.2018 22:25;0.57;51.77;0.68;337.01;1009.78;62.53;0;10;78;10.15;3.12;0
15.06.2018 22:30;0.55;51.85;0.68;336.9;1009.8;62.38;0;10;88;9.84;2.7;0
15.06.2018 22:35;0.53;51.92;0.69;336.79;1009.83;62.22;0;10;100;9.53;2.38;0
15.06.2018 22:40;0.52;51.99;0.7;336.68;1009.85;62.06;0;10;115;9.22;2.2;0
15.06.2018 22:45;0.5;52.06;0.7;336.57;1009.88;61.9;0;10;132;8.91;2.2;0
15.06.2018 22:50;0.49;52.13;0.71;336.46;1009.9;61.74;0;10;147;8.6;2.37;0
15.06.2018 22:55;0.47;52.19;0.71;336.35;1009.93;61.58;0;10;160;8.29;2.68;0
15.06.2018 23:00;0.46;52.25;0.72;336.24;1009.96;61.42;0;10;169;7.98;3.1;0
15.06.2018 23:05;0.46;52.16;0.72;336.08;1009.97;61.36;0;10;171;7.74;3.15;0
15.06.2018 23:10;0.46;52.06;0.72;335.92;1009.99;61.29;0;10;172;7.5;3.21;0
15.06.2018 23:15;0.47;51.96;0.72;335.76;1010;61.23;0;10;174;7.26;3.27;0
15.06.2018 23:20;0.47;51.86;0.71;335.6;1010.02;61.16;0;10;175;7.01;3.33;0
15.06.2018 23:25;0.47;51.77;0.71;335.44;1010.03;61.1;0;10;176;6.77;3.39;0
15.06.2018 23:30;0.48;51.67;0.71;335.28;1010.05;61.03;0;10;178;6.53;3.45;0
15.06.2018 23:35;0.48;51.57;0.71;335.12;1010.06;60.97;0;9.99;179;6.29;3.52;0
15.06.2018 23:40;0.48;51.47;0.71;334.96;1010.08;60.9;0;9.99;180;6.05;3.58;0
15.06.2018 23:45;0.49;51.37;0.71;334.8;1010.1;60.84;0;9.98;181;5.81;3.65;0
15.06.2018 23:50;0.49;51.28;0.71;334.64;1010.11;60.77;0;9.98;182;5.57;3.72;0
15.06.2018 23:55;0.49;51.18;0.71;334.48;1010.13;60.71;0;9.97;183;5.33;3.79;0
16.06.2018 00:00;0.5;51.08;0.71;334.32;1010.14;60.64;0;9.97;184;5.09;3.86;0
16.06.2018 00:05;0.49;51.07;0.71;334.06;1010.15;60.6;0;9.94;181;5.03;3.79;0
16.06.2018 00:10;0.47;51.06;0.71;333.8;1010.17;60.56;0;9.92;177;4.98;3.72;0
16.06.2018 00:15;0.46;51.06;0.71;333.55;1010.18;60.52;0;9.9;173;4.92;3.68;0
16.06.2018 00:20;0.45;51.05;0.71;333.29;1010.19;60.47;0;9.88;169;4.87;3.65;0
16.06.2018 00:25;0.44;51.04;0.71;333.03;1010.2;60.43;0;9.86;165;4.81;3.64;0
16.06.2018 00:30;0.43;51.04;0.71;332.78;1010.21;60.39;0;9.84;162;4.76;3.64;0
16.06.2018 00:35;0.42;51.03;0.71;332.52;1010.23;60.35;0;9.81;158;4.7;3.66;0
16.06.2018 00:40;0.4;51.02;0.71;332.26;1010.24;60.3;0;9.79;154;4.65;3.7;0
16.06.2018 00:45;0.39;51.01;0.72;332;1010.25;60.26;0;9.77;150;4.59;3.75;0
16.06.2018 00:50;0.38;51.01;0.72;331.75;1010.26;60.22;0;9.75;147;4.54;3.82;0
16.06.2018 00:55;0.37;51;0.72;331.49;1010.27;60.18;0;9.73;143;4.48;3.91;0
16.06.2018 01:00;0.36;50.99;0.72;331.23;1010.28;60.13;0;9.71;140;4.43;4;0
16.06.2018 01:05;0.36;50.99;0.72;330.92;1010.29;60.01;0;9.68;137;4.37;3.55;0
16.06.2018 01:10;0.36;50.98;0.72;330.61;1010.29;59.88;0;9.65;133;4.31;3.11;0
16.06.2018 01:15;0.36;50.98;0.73;330.29;1010.29;59.76;0;9.62;128;4.24;2.69;0
16.06.2018 01:20;0.36;50.97;0.73;329.98;1010.29;59.63;0;9.59;121;4.18;2.3;0
16.06.2018 01:25;0.36;50.96;0.73;329.67;1010.29;59.51;0;9.56;111;4.12;1.95;0
16.06.2018 01:30;0.36;50.96;0.74;329.36;1010.3;59.38;0;9.53;98;4.06;1.68;0
16.06.2018 01:35;0.36;50.95;0.74;329.04;1010.3;59.26;0;9.5;81;4;1.53;0
16.06.2018 01:40;0.37;50.94;0.74;328.73;1010.3;59.13;0;9.47;63;3.93;1.53;0
16.06.2018 01:45;0.37;50.93;0.75;328.42;1010.3;59.01;0;9.44;46;3.87;1.68;0
16.06.2018 01:50;0.37;50.92;0.75;328.11;1010.3;58.88;0;9.41;33;3.81;1.95;0
16.06.2018 01:55;0.37;50.91;0.75;327.79;1010.31;58.76;0;9.38;23;3.75;2.29;0
16.06.2018 02:00;0.37;50.9;0.75;327.48;1010.31;58.63;0;9.35;16;3.69;2.68;0
16.06.2018 02:05;0.4;50.78;0.75;327.24;1010.35;58.54;0;9.33;25;3.78;2.45;0
16.06.2018 02:10;0.42;50.65;0.75;327;1010.4;58.45;0;9.32;35;3.87;2.28;0
16.06.2018 02:15;0.45;50.52;0.75;326.77;1010.44;58.36;0;9.3;47;3.96;2.2;0
16.06.2018 02:20;0.47;50.4;0.75;326.53;1010.48;58.26;0;9.28;59;4.05;2.21;0
16.06.2018 02:25;0.5;50.06;0.74;326.35;1010.61;58.28;0;9.53;73;5.45;2.32;0
16.06.2018 02:30;0.52;50.14;0.75;326.05;1010.57;58.08;0;9.24;80;4.23;2.51;0
16.06.2018 02:35;0.55;50.01;0.75;325.81;1010.62;57.98;0;9.22;89;4.32;2.77;0
16.06.2018 02:40;0.58;49.89;0.75;325.57;1010.66;57.89;0;9.21;96;4.42;3.07;0
16.06.2018 02:45;0.6;49.76;0.75;325.34;1010.7;57.8;0;9.19;101;4.51;3.41;0
16.06.2018 02:50;0.63;49.63;0.74;325.1;1010.75;57.71;0;9.17;106;4.6;3.77;0
16.06.2018 02:55;0.65;49.5;0.74;324.86;1010.79;57.61;0;9.15;109;4.69;4.16;0
16.06.2018 03:00;0.68;49.38;0.74;324.62;1010.84;57.52;0;9.13;112;4.78;4.55;0
16.06.2018 03:05;0.69;49.33;0.74;324.59;1010.83;57.49;0;9.19;113;4.9;4.4;0
16.06.2018 03:10;0.69;49.29;0.74;324.57;1010.83;57.46;0;9.25;113;5.01;4.24;0
16.06.2018 03:15;0.7;49.24;0.74;324.54;1010.82;57.43;0;9.3;114;5.13;4.09;0
16.06.2018 03:20;0.71;49.2;0.74;324.52;1010.82;57.4;0;9.36;114;5.25;3.93;0
16.06.2018 03:25;0.72;49.16;0.74;324.49;1010.82;57.37;0;9.42;114;5.36;3.77;0
16.06.2018 03:30;0.73;49.11;0.74;324.46;1010.81;57.34;0;9.47;115;5.48;3.62;0
16.06.2018 03:35;0.73;49.07;0.74;324.44;1010.81;57.31;0;9.53;115;5.59;3.46;0
16.06.2018 03:40;0.74;49.02;0.74;324.41;1010.81;57.28;0;9.59;116;5.71;3.31;0
16.06.2018 03:45;0.75;48.98;0.74;324.39;1010.8;57.25;0;9.64;117;5.83;3.16;0
16.06.2018 03:50;0.76;48.94;0.74;324.36;1010.8;57.22;0;9.7;117;5.94;3;0
16.06.2018 03:55;0.77;48.85;0.74;324.35;1010.81;57.21;0;9.81;119;6.32;2.86;0
16.06.2018 04:00;0.77;48.85;0.74;324.31;1010.79;57.16;0;9.81;119;6.18;2.7;0
16.06.2018 04:05;0.77;48.87;0.74;324.37;1010.77;57;0;9.82;116;5.95;2.42;0
16.06.2018 04:10;0.76;48.88;0.75;324.42;1010.75;56.85;0;9.82;113;5.73;2.16;0
16.06.2018 04:15;0.75;48.9;0.75;324.48;1010.73;56.69;0;9.83;109;5.51;1.9;0
16.06.2018 04:20;0.75;48.91;0.76;324.53;1010.72;56.54;0;9.83;103;5.28;1.66;0
16.06.2018 04:25;0.74;48.92;0.76;324.59;1010.7;56.39;0;9.84;95;5.06;1.44;0
16.06.2018 04:30;0.73;48.94;0.76;324.64;1010.68;56.23;0;9.84;85;4.83;1.25;0
16.06.2018 04:35;0.72;48.95;0.77;324.7;1010.66;56.08;0;9.85;72;4.61;1.11;0
16.06.2018 04:40;0.72;48.96;0.77;324.76;1010.64;55.92;0;9.85;57;4.39;1.05;0
16.06.2018 04:45;0.71;48.96;0.78;324.81;1010.63;55.77;0;9.86;41;4.16;1.06;0
16.06.2018 04:50;0.7;48.97;0.78;324.87;1010.61;55.61;0;9.86;26;3.94;1.16;0
16.06.2018 04:55;0.69;48.98;0.79;324.92;1010.59;55.46;0;9.87;14;3.71;1.32;0
16.06.2018 05:00;0.69;48.98;0.79;324.98;1010.57;55.3;0;9.87;5;3.49;1.52;0
16.06.2018 05:05;0.66;49;0.79;325.01;1010.57;55.39;0;9.88;20;3.68;1.64;0
16.06.2018 05:10;0.64;49.01;0.79;325.03;1010.56;55.48;0;9.88;33;3.86;1.85;0
16.06.2018 05:15;0.62;49.02;0.79;325.06;1010.55;55.57;0;9.89;42;4.05;2.12;0
16.06.2018 05:20;0.6;49.04;0.78;325.08;1010.55;55.66;0;9.89;50;4.24;2.45;0
16.06.2018 05:25;0.58;49.05;0.78;325.11;1010.54;55.75;0;9.89;55;4.42;2.8;0
16.06.2018 05:30;0.56;49.06;0.78;325.14;1010.54;55.84;0;9.9;59;4.61;3.18;0
16.06.2018 05:35;0.53;49.07;0.78;325.16;1010.53;55.93;0;9.9;63;4.79;3.56;0
16.06.2018 05:40;0.51;49.08;0.78;325.19;1010.53;56.02;0;9.91;65;4.98;3.96;0
16.06.2018 05:45;0.49;49.09;0.77;325.22;1010.52;56.11;0;9.91;67;5.17;4.36;0
16.06.2018 05:50;0.47;49.1;0.77;325.24;1010.52;56.19;0;9.91;69;5.35;4.77;0
16.06.2018 05:55;0.45;49.12;0.77;325.27;1010.51;56.28;0;9.92;71;5.54;5.18;0
16.06.2018 06:00;0.43;49.13;0.77;325.29;1010.51;56.37;0;9.92;72;5.73;5.6;0
16.06.2018 06:05;0.42;49.14;0.77;325.23;1010.49;56.43;0;9.93;71;5.58;5.03;0
16.06.2018 06:10;0.4;49.16;0.76;325.17;1010.48;56.48;0;9.93;70;5.43;4.46;0
16.06.2018 06:15;0.39;49.17;0.76;325.11;1010.46;56.53;0;9.93;68;5.28;3.9;0
16.06.2018 06:20;0.38;49.19;0.76;325.04;1010.45;56.58;0;9.93;66;5.13;3.34;0
16.06.2018 06:25;0.37;49.2;0.76;324.98;1010.43;56.64;0;9.93;63;4.98;2.78;0
16.06.2018 06:30;0.36;49.22;0.76;324.92;1010.41;56.69;0;9.93;58;4.83;2.24;0
16.06.2018 06:35;0.35;49.23;0.76;324.86;1010.4;56.74;0;9.94;51;4.68;1.72;0
16.06.2018 06:40;0.34;49.24;0.76;324.79;1010.38;56.79;0;9.94;38;4.53;1.25;0
16.06.2018 06:45;0.33;49.26;0.76;324.73;1010.37;56.85;0;9.94;13;4.38;0.92;0
16.06.2018 06:50;0.31;49.27;0.76;324.67;1010.35;56.9;0;9.94;336;4.23;0.88;152
16.06.2018 06:55;0.3;49.29;0.76;324.61;1010.33;56.95;1;9.94;307;4.08;1.17;346
16.06.2018 07:00;0.29;49.3;0.75;324.54;1010.32;57;1;9.95;292;3.93;1.62;541
16.06.2018 07:05;0.29;49.44;0.74;324.45;1010.3;57.5;1;9.95;295;4.05;1.24;724
16.06.2018 07:10;0.3;49.57;0.73;324.37;1010.28;58;1;9.95;299;4.17;0.86;985
16.06.2018 07:15;0.3;49.7;0.73;324.28;1010.26;58.5;1;9.95;310;4.29;0.49;1305
16.06.2018 07:20;0.3;49.82;0.72;324.19;1010.25;59;1;9.95;1;4.4;0.21;2623
16.06.2018 07:25;0.3;49.94;0.71;324.1;1010.23;59.5;1;9.95;74;4.52;0.39;4059
16.06.2018 07:30;0.31;50.05;0.7;324.01;1010.21;60;1;9.95;89;4.64;0.75;5702
16.06.2018 07:35;0.31;50.15;0.69;323.92;1010.19;60.5;1;9.95;95;4.76;1.13;6359
16.06.2018 07:40;0.31;50.25;0.68;323.83;1010.17;61;1;9.95;97;4.88;1.52;6839
16.06.2018 07:45;0.31;50.34;0.67;323.74;1010.15;61.5;1;9.96;99;5;1.9;6655
16.06.2018 07:50;0.32;50.43;0.66;323.66;1010.13;62;1;9.96;100;5.11;2.29;5044
16.06.2018 07:55;0.32;50.51;0.65;323.57;1010.12;62.5;1;9.96;101;5.23;2.68;4566
16.06.2018 08:00;0.32;50.58;0.64;323.48;1010.1;63;1;9.96;101;5.35;3.07;4358
16.06.2018 08:05;0.32;50.62;0.63;323.58;1010.08;63.42;1;9.96;103;5.5;3.03;4436
16.06.2018 08:10;0.31;50.65;0.62;323.69;1010.06;63.84;1;9.96;105;5.65;3;4631
16.06.2018 08:15;0.31;50.68;0.61;323.79;1010.04;64.26;1;9.96;107;5.8;2.97;4112
16.06.2018 08:20;0.3;50.71;0.61;323.9;1010.01;64.67;2;9.96;109;5.95;2.94;3776
16.06.2018 08:25;0.3;50.72;0.6;324;1009.99;65.09;2;9.96;111;6.1;2.92;5976
16.06.2018 08:30;0.29;50.74;0.59;324.1;1009.97;65.51;2;9.96;113;6.25;2.9;5663
16.06.2018 08:35;0.29;50.74;0.58;324.21;1009.95;65.93;2;9.96;115;6.4;2.88;12096
16.06.2018 08:40;0.29;50.74;0.57;324.31;1009.93;66.35;2;9.96;117;6.55;2.87;12751
16.06.2018 08:45;0.28;50.73;0.56;324.42;1009.91;66.76;2;9.96;119;6.7;2.86;13715
16.06.2018 08:50;0.28;50.72;0.56;324.52;1009.89;67.18;2;9.96;121;6.86;2.86;14489
16.06.2018 08:55;0.27;50.7;0.55;324.63;1009.87;67.6;2;9.97;124;7.01;2.86;15258
16.06.2018 09:00;0.27;50.67;0.54;324.73;1009.85;68.02;2;9.97;126;7.16;2.86;16024
16.06.2018 09:05;0.27;50.68;0.53;324.7;1009.81;68.46;3;9.97;128;7.25;2.72;16760
16.06.2018 09:10;0.26;50.67;0.52;324.66;1009.78;68.9;3;9.97;130;7.34;2.59;17517
16.06.2018 09:15;0.26;50.66;0.51;324.63;1009.74;69.35;3;9.97;133;7.44;2.46;18280
16.06.2018 09:20;0.26;50.64;0.51;324.59;1009.71;69.79;3;9.97;136;7.53;2.33;19061
16.06.2018 09:25;0.25;50.61;0.5;324.56;1009.68;70.24;3;9.97;140;7.63;2.22;19836
16.06.2018 09:30;0.25;50.58;0.49;324.53;1009.64;70.68;3;9.97;144;7.72;2.11;20596
16.06.2018 09:35;0.25;50.54;0.48;324.49;1009.61;71.12;4;9.97;148;7.82;2.01;21291
16.06.2018 09:40;0.24;50.49;0.47;324.46;1009.58;71.57;4;9.97;152;7.91;1.93;21997
16.06.2018 09:45;0.24;50.43;0.47;324.42;1009.54;72.01;4;9.97;157;8.01;1.86;22654
16.06.2018 09:50;0.24;50.36;0.46;324.39;1009.51;72.45;4;9.97;163;8.1;1.8;23350
16.06.2018 09:55;0.23;50.28;0.45;324.36;1009.47;72.9;4;9.97;168;8.2;1.76;23952
16.06.2018 10:00;0.23;50.19;0.44;324.32;1009.44;73.34;5;9.97;174;8.29;1.74;24570
16.06.2018 10:05;0.23;50.14;0.44;324.27;1009.4;73.52;5;9.97;181;8.36;1.9;25161
16.06.2018 10:10;0.22;50.09;0.43;324.22;1009.37;73.7;5;9.97;187;8.43;2.09;25726
16.06.2018 10:15;0.22;50.04;0.43;324.17;1009.33;73.88;5;9.97;192;8.5;2.29;26348
16.06.2018 10:20;0.21;49.98;0.43;324.13;1009.3;74.06;6;9.97;196;8.57;2.52;26947
16.06.2018 10:25;0.21;49.93;0.42;324.08;1009.26;74.24;6;9.97;200;8.63;2.75;27533
16.06.2018 10:30;0.2;49.87;0.42;324.03;1009.23;74.42;6;9.97;203;8.7;2.99;27923
16.06.2018 10:35;0.2;49.81;0.42;323.98;1009.19;74.6;6;9.97;205;8.77;3.23;28611
16.06.2018 10:40;0.19;49.75;0.41;323.93;1009.15;74.78;6;9.97;207;8.84;3.49;29260
16.06.2018 10:45;0.19;49.68;0.41;323.88;1009.12;74.96;7;9.97;209;8.91;3.74;29812
16.06.2018 10:50;0.18;49.62;0.41;323.83;1009.08;75.14;7;9.97;211;8.98;4;30297
16.06.2018 10:55;0.18;49.55;0.4;323.78;1009.05;75.32;7;9.97;212;9.05;4.26;30831
16.06.2018 11:00;0.17;49.48;0.4;323.74;1009.01;75.5;7;9.97;213;9.12;4.53;31252
16.06.2018 11:05;0.17;49.24;0.39;323.64;1008.96;75.76;8;9.97;211;9.15;4.66;31718
16.06.2018 11:10;0.16;48.99;0.39;323.55;1008.91;76.01;8;9.97;210;9.19;4.79;32136
16.06.2018 11:15;0.16;48.74;0.38;323.45;1008.86;76.27;8;9.97;208;9.23;4.93;32471
16.06.2018 11:20;0.16;48.48;0.37;323.36;1008.81;76.52;8;9.97;206;9.27;5.07;32840
16.06.2018 11:25;0.15;48.21;0.37;323.26;1008.76;76.78;9;9.97;205;9.31;5.22;33163
16.06.2018 11:30;0.15;47.93;0.36;323.17;1008.71;77.03;9;9.97;203;9.34;5.37;33569
16.06.2018 11:35;0.15;47.64;0.35;323.07;1008.66;77.29;9;9.97;202;9.38;5.52;33907
16.06.2018 11:40;0.14;47.34;0.35;322.98;1008.62;77.54;9;9.97;201;9.42;5.68;34197
16.06.2018 11:45;0.14;47.03;0.34;322.89;1008.57;77.79;9;9.97;200;9.46;5.84;34336
16.06.2018 11:50;0.14;46.71;0.33;322.79;1008.52;78.05;10;9.97;198;9.49;6;34679
16.06.2018 11:55;0.14;46.37;0.32;322.7;1008.47;78.3;10;9.97;197;9.53;6.16;35139
16.06.2018 12:00;0.13;46.03;0.32;322.6;1008.42;78.56;10;9.97;196;9.57;6.33;35495
16.06.2018 12:05;0.13;45.98;0.31;322.44;1008.37;78.78;10;9.97;195;9.52;6.05;35712
16.06.2018 12:10;0.13;45.92;0.31;322.28;1008.31;79;10;9.98;194;9.46;5.77;35790
16.06.2018 12:15;0.13;45.86;0.31;322.12;1008.26;79.23;10;9.99;192;9.41;5.49;36039
16.06.2018 12:20;0.14;45.8;0.31;321.96;1008.21;79.45;10;10;191;9.35;5.22;36190
16.06.2018 12:25;0.14;45.74;0.3;321.8;1008.16;79.67;11;10;189;9.3;4.95;36036
16.06.2018 12:30;0.14;45.67;0.3;321.63;1008.11;79.9;11;10;187;9.24;4.69;36876
16.06.2018 12:35;0.14;45.6;0.3;321.47;1008.06;80.12;11;10;185;9.19;4.44;36946
16.06.2018 12:40;0.14;45.53;0.29;321.31;1008.01;80.34;11;10;183;9.13;4.19;37141
16.06.2018 12:45;0.14;45.45;0.29;321.15;1007.95;80.56;11;10;180;9.08;3.94;37228
16.06.2018 12:50;0.14;45.37;0.29;320.99;1007.9;80.79;11;10;177;9.02;3.71;37798
16.06.2018 12:55;0.14;45.29;0.29;320.83;1007.85;81.01;11;10;174;8.97;3.49;37558
16.06.2018 13:00;0.14;45.21;0.28;320.66;1007.8;81.23;11;10;170;8.91;3.29;37848
16.06.2018 13:05;0.16;45.17;0.28;320.46;1007.75;81.25;11;10;170;8.82;3.43;37929
16.06.2018 13:10;0.18;45.13;0.28;320.25;1007.69;81.27;10;10;170;8.74;3.57;38017
16.06.2018 13:15;0.2;45.09;0.28;320.04;1007.64;81.28;10;10;170;8.65;3.71;38063
16.06.2018 13:20;0.21;45.05;0.28;319.83;1007.59;81.3;10;10;171;8.56;3.86;38271
16.06.2018 13:25;0.23;45.01;0.28;319.63;1007.53;81.32;10;10;171;8.48;4;38299
16.06.2018 13:30;0.25;44.97;0.28;319.42;1007.48;81.33;10;10;171;8.39;4.14;38058
16.06.2018 13:35;0.26;44.93;0.28;319.21;1007.43;81.35;9;10;171;8.3;4.29;38068
16.06.2018 13:40;0.28;44.89;0.28;319;1007.37;81.36;9;10;171;8.22;4.43;38566
16.06.2018 13:45;0.3;44.85;0.28;318.79;1007.32;81.38;9;10;171;8.13;4.57;38651
16.06.2018 13:50;0.32;44.81;0.28;318.59;1007.27;81.4;9;10;171;8.04;4.72;39236
16.06.2018 13:55;0.33;44.77;0.28;318.38;1007.22;81.41;9;10;172;7.96;4.86;40369
16.06.2018 14:00;0.35;44.73;0.28;318.17;1007.16;81.43;8;10;172;7.87;5;26574
16.06.2018 14:05;0.39;45.37;0.29;317.96;1007.19;80.74;8;9.83;182;8.32;4.39;30192
16.06.2018 14:10;0.42;45.95;0.3;317.74;1007.21;80.06;8;9.52;195;8.77;3.97;37246
16.06.2018 14:15;0.45;46.49;0.31;317.53;1007.24;79.37;7;9.21;211;9.22;3.8;30692
16.06.2018 14:20;0.48;46.97;0.33;317.31;1007.26;78.68;7;8.9;227;9.67;3.92;40016
16.06.2018 14:25;0.52;47.42;0.34;317.1;1007.29;77.99;7;8.59;240;10.12;4.31;25335
16.06.2018 14:30;0.55;47.82;0.35;316.88;1007.31;77.31;6;8.28;251;10.58;4.89;13679
16.06.2018 14:35;0.58;48.19;0.37;316.67;1007.34;76.62;6;7.97;260;11.03;5.62;9026
16.06.2018 14:40;0.62;48.52;0.38;316.45;1007.37;75.93;6;7.66;266;11.48;6.44;6919
16.06.2018 14:45;0.65;48.8;0.39;312.68;1007.46;75.23;6;7.33;271;11.91;7.29;4524
16.06.2018 14:50;0.68;49.08;0.41;316.02;1007.42;74.56;5;7.04;275;12.38;8.24;3183
16.06.2018 14:55;0.71;49.31;0.42;315.81;1007.44;73.87;5;6.73;278;12.83;9.19;2168
16.06.2018 15:00;0.75;49.52;0.43;315.59;1007.47;73.18;5;6.42;280;13.28;10.16;1697
16.06.2018 15:05;0.75;49.9;0.44;314.99;1007.5;73.31;5;6.5;282;13.06;8.61;1789
16.06.2018 15:10;0.75;50.28;0.44;314.38;1007.53;73.43;4;6.58;284;12.84;7.06;2584
16.06.2018 15:15;0.75;50.65;0.45;313.77;1007.56;73.55;4;6.66;287;12.62;5.53;4361
16.06.2018 15:20;0.75;51.01;0.45;310;1007.65;73.66;4;6.72;293;12.38;4.01;7029
16.06.2018 15:25;0.75;51.39;0.45;312.55;1007.62;73.79;4;6.82;305;12.17;2.62;11369
16.06.2018 15:30;0.75;51.76;0.46;311.95;1007.66;73.92;4;6.9;338;11.95;1.55;17141
16.06.2018 15:35;0.75;52.13;0.46;311.34;1007.69;74.04;4;6.98;36;11.73;1.7;19365
16.06.2018 15:40;0.75;52.49;0.47;310.73;1007.72;74.16;3;7.06;63;11.51;2.89;26911
16.06.2018 15:45;0.75;52.86;0.47;310.12;1007.75;74.28;3;7.14;73;11.29;4.33;36367
16.06.2018 15:50;0.75;53.22;0.48;309.51;1007.78;74.41;3;7.22;78;11.07;5.84;32891
16.06.2018 15:55;0.75;53.58;0.48;308.51;1007.82;74.53;3;7.29;81;10.85;7.38;29823
16.06.2018 16:00;0.75;53.93;0.49;308.3;1007.84;74.65;3;7.37;83;10.63;8.92;36213
16.06.2018 16:05;0.75;53.82;0.49;308.14;1007.86;74.52;3;7.26;86;12.02;9.18;36669
16.06.2018 16:10;0.75;53.7;0.49;307.97;1007.87;74.38;3;7.16;88;13.42;9.45;30211
16.06.2018 16:15;0.75;53.58;0.49;307.81;1007.88;74.25;3;7.05;90;14.82;9.73;28403
16.06.2018 16:20;0.75;53.46;0.49;307.65;1007.89;74.11;2;6.94;92;16.22;10.03;20018
16.06.2018 16:25;0.75;53.35;0.49;307.49;1007.9;73.98;2;6.83;94;17.62;10.35;18202
16.06.2018 16:30;0.75;53.23;0.49;307.33;1007.91;73.85;2;6.72;96;19.01;10.67;18976
16.06.2018 16:35;0.75;53.11;0.49;307.16;1007.93;73.71;2;6.61;98;20.41;11.01;18187
16.06.2018 16:40;0.75;52.99;0.49;307;1007.94;73.58;2;6.5;99;21.81;11.35;16616
16.06.2018 16:45;0.75;52.87;0.49;306.84;1007.95;73.44;2;6.39;101;23.21;11.7;12553
16.06.2018 16:50;0.75;52.76;0.49;306.68;1007.96;73.31;2;6.28;102;24.61;12.06;6320
16.06.2018 16:55;0.75;52.64;0.49;306.52;1007.97;73.17;2;6.18;104;26;12.43;5814
16.06.2018 17:00;0.75;52.52;0.49;306.36;1007.99;73.04;2;6.07;105;27.4;12.81;6108
16.06.2018 17:05;0.75;52.64;0.49;306.3;1008.03;72.8;1;6.09;110;27.55;11.19;5572
16.06.2018 17:10;0.75;52.76;0.5;306.24;1008.08;72.56;1;6.11;117;27.7;9.7;4803
16.06.2018 17:15;0.75;52.88;0.5;306.18;1008.13;72.31;1;6.13;126;27.85;8.39;4768
16.06.2018 17:20;0.75;52.99;0.51;306.13;1008.17;72.07;1;6.15;138;28;7.36;7043
16.06.2018 17:25;0.75;53.09;0.52;306.07;1008.22;71.83;1;6.17;153;28.15;6.74;10777
16.06.2018 17:30;0.75;53.2;0.52;306.01;1008.27;71.59;1;6.19;169;28.3;6.64;13212
16.06.2018 17:35;0.75;53.29;0.53;305.95;1008.32;71.34;1;6.21;185;28.45;7.1;12938
16.06.2018 17:40;0.75;53.39;0.54;305.9;1008.36;71.1;1;6.23;198;28.6;8.01;9041
16.06.2018 17:45;0.75;53.48;0.54;305.84;1008.41;70.86;1;6.25;208;28.75;9.24;5019
16.06.2018 17:50;0.75;53.57;0.55;305.78;1008.46;70.62;1;6.27;216;28.9;10.68;2330
16.06.2018 17:55;0.75;53.65;0.55;305.72;1008.51;70.38;1;6.29;221;29.05;12.26;1196
16.06.2018 18:00;0.75;53.73;0.56;305.67;1008.55;70.13;1;6.3;226;29.2;13.93;735
16.06.2018 18:05;0.76;54.09;0.58;305.77;1008.62;69.68;1;6.38;226;28.02;12.85;748
16.06.2018 18:10;0.76;54.42;0.59;305.86;1008.68;69.22;1;6.45;227;26.84;11.78;942
16.06.2018 18:15;0.76;54.74;0.61;305.96;1008.74;68.77;1;6.52;228;25.65;10.7;1179
16.06.2018 18:20;0.76;55.04;0.63;306.06;1008.81;68.31;1;6.59;230;24.47;9.64;1203
16.06.2018 18:25;0.77;55.31;0.64;306.16;1008.87;67.85;1;6.66;231;23.28;8.58;1425
16.06.2018 18:30;0.77;55.57;0.66;306.26;1008.93;67.4;0;6.73;233;22.1;7.52;1824
16.06.2018 18:35;0.77;55.81;0.67;306.36;1009;66.94;0;6.8;236;20.92;6.48;2453
16.06.2018 18:40;0.78;56.04;0.69;306.46;1009.06;66.49;0;6.87;240;19.73;5.47;2286
16.06.2018 18:45;0.78;56.25;0.71;306.56;1009.12;66.03;0;6.94;245;18.55;4.48;2128
16.06.2018 18:50;0.78;56.44;0.72;306.66;1009.19;65.58;0;7.01;254;17.37;3.56;2263
16.06.2018 18:55;0.79;56.62;0.74;306.76;1009.25;65.12;0;7.08;268;16.18;2.77;2134
16.06.2018 19:00;0.79;56.78;0.76;306.86;1009.32;64.66;0;7.15;290;15;2.25;1808
16.06.2018 19:05;0.79;56.42;0.75;307.07;1009.35;64.52;0;7.23;271;14.64;1.85;1856
16.06.2018 19:10;0.8;56.06;0.74;307.27;1009.39;64.38;0;7.31;246;14.28;1.72;2260
16.06.2018 19:15;0.81;55.7;0.74;307.48;1009.42;64.23;0;7.39;223;13.92;1.93;2700
16.06.2018 19:20;0.81;55.34;0.73;307.68;1009.46;64.09;0;7.48;206;13.57;2.38;2720
16.06.2018 19:25;0.82;54.97;0.73;307.88;1009.49;63.94;0;7.56;195;13.21;2.98;2279
16.06.2018 19:30;0.82;54.6;0.72;308.09;1009.53;63.8;0;7.64;188;12.85;3.64;1654
16.06.2018 19:35;0.83;54.24;0.71;308.29;1009.56;63.65;0;7.72;183;12.49;4.34;1065
16.06.2018 19:40;0.83;53.87;0.71;308.5;1009.6;63.51;0;7.8;179;12.14;5.06;697
16.06.2018 19:45;0.84;53.5;0.7;308.7;1009.63;63.37;0;7.88;177;11.78;5.8;495
16.06.2018 19:50;0.85;53.13;0.7;308.9;1009.67;63.22;0;7.96;175;11.42;6.55;460
16.06.2018 19:55;0.85;52.75;0.69;309.11;1009.7;63.08;0;8.04;173;11.06;7.3;470
16.06.2018 20:00;0.86;52.38;0.68;309.31;1009.74;62.93;0;8.12;172;10.7;8.06;386
16.06.2018 20:05;0.86;52.44;0.69;309.83;1009.76;62.72;0;8.13;170;10.4;7.7;353
16.06.2018 20:10;0.86;52.5;0.7;310.36;1009.79;62.5;0;8.13;169;10.09;7.36;283
16.06.2018 20:15;0.86;52.56;0.7;310.88;1009.81;62.29;0;8.14;167;9.79;7.02;165
16.06.2018 20:20;0.86;52.62;0.71;311.4;1009.84;62.07;0;8.14;165;9.48;6.68;125
16.06.2018 20:25;0.86;52.67;0.72;311.93;1009.86;61.86;0;8.14;163;9.18;6.36;90
16.06.2018 20:30;0.86;52.72;0.73;312.45;1009.89;61.64;0;8.15;160;8.87;6.05;56
16.06.2018 20:35;0.86;52.77;0.73;312.97;1009.91;61.43;0;8.15;158;8.57;5.75;20
16.06.2018 20:40;0.86;52.81;0.74;313.49;1009.93;61.21;0;8.16;155;8.26;5.46;11
16.06.2018 20:45;0.86;52.86;0.75;314.02;1009.96;61;0;8.16;151;7.96;5.19;1
16.06.2018 20:50;0.86;52.9;0.75;314.54;1009.98;60.78;0;8.17;148;7.65;4.94;0
16.06.2018 20:55;0.86;52.94;0.76;315.06;1010.01;60.57;0;8.17;144;7.34;4.71;0
16.06.2018 21:00;0.86;52.97;0.77;315.58;1010.03;60.35;0;8.18;139;7.04;4.51;0
16.06.2018 21:05;0.86;52.97;0.77;315.76;1010.02;60.31;0;8.15;136;7.03;4.14;0
16.06.2018 21:10;0.86;52.96;0.77;315.93;1010.01;60.28;0;8.11;132;7.02;3.79;0
16.06.2018 21:15;0.86;52.95;0.77;316.1;1010;60.24;0;8.08;128;7.01;3.46;0
16.06.2018 21:20;0.86;52.95;0.77;316.27;1009.99;60.2;0;8.05;122;7;3.16;0
16.06.2018 21:25;0.86;52.94;0.77;316.44;1009.98;60.16;0;8.02;116;6.98;2.89;0
16.06.2018 21:30;0.86;52.93;0.77;316.61;1009.97;60.13;0;7.98;108;6.97;2.66;0
16.06.2018 21:35;0.86;52.93;0.77;316.78;1009.96;60.09;0;7.95;99;6.96;2.5;0
16.06.2018 21:40;0.86;52.92;0.77;316.95;1009.95;60.05;0;7.92;89;6.95;2.4;0
16.06.2018 21:45;0.86;52.91;0.77;317.12;1009.94;60.01;0;7.89;78;6.94;2.38;0
16.06.2018 21:50;0.86;52.91;0.77;317.29;1009.93;59.98;0;7.86;68;6.93;2.44;0
16.06.2018 21:55;0.86;52.9;0.78;317.46;1009.92;59.94;0;7.82;58;6.92;2.58;0
16.06.2018 22:00;0.86;52.89;0.78;317.63;1009.9;59.9;0;7.79;50;6.91;2.77;0
16.06.2018 22:05;0.84;52.89;0.78;317.75;1009.89;59.88;0;7.76;48;7.01;3.08;0
16.06.2018 22:10;0.83;52.89;0.78;317.87;1009.88;59.86;0;7.73;46;7.11;3.38;0
16.06.2018 22:15;0.81;52.89;0.78;317.99;1009.87;59.84;0;7.7;45;7.2;3.69;0
16.06.2018 22:20;0.8;52.89;0.78;318.11;1009.86;59.82;0;7.67;43;7.3;4;0
16.06.2018 22:25;0.78;52.88;0.78;318.23;1009.84;59.79;0;7.63;42;7.4;4.32;0
16.06.2018 22:30;0.77;52.88;0.78;318.35;1009.83;59.77;0;7.6;41;7.5;4.63;0
16.06.2018 22:35;0.75;52.88;0.78;318.47;1009.82;59.75;0;7.57;40;7.6;4.95;0
16.06.2018 22:40;0.74;52.88;0.78;318.59;1009.81;59.73;0;7.54;40;7.7;5.26;0
16.06.2018 22:45;0.72;52.88;0.78;318.7;1009.8;59.71;0;7.51;39;7.8;5.58;0
16.06.2018 22:50;0.71;52.87;0.78;318.82;1009.78;59.69;0;7.48;39;7.9;5.9;0
16.06.2018 22:55;0.69;52.87;0.78;318.94;1009.77;59.67;0;7.44;38;8;6.21;0
16.06.2018 23:00;0.68;52.87;0.78;319.06;1009.76;59.65;0;7.41;38;8.1;6.53;0
16.06.2018 23:05;0.68;53.05;0.79;319.17;1009.74;59.68;0;7.34;38;8.16;6.09;0
16.06.2018 23:10;0.68;53.23;0.79;319.27;1009.72;59.7;0;7.27;38;8.23;5.64;0
16.06.2018 23:15;0.68;53.41;0.8;319.37;1009.71;59.73;0;7.2;39;8.29;5.19;0
16.06.2018 23:20;0.67;53.59;0.8;319.48;1009.69;59.76;0;7.12;39;8.35;4.74;0
16.06.2018 23:25;0.67;53.76;0.8;319.58;1009.67;59.79;0;7.05;40;8.42;4.3;0
16.06.2018 23:30;0.67;53.94;0.81;319.68;1009.66;59.82;0;6.98;41;8.48;3.85;0
16.06.2018 23:35;0.67;54.12;0.81;319.79;1009.64;59.85;0;6.9;42;8.54;3.41;0
16.06.2018 23:40;0.67;54.29;0.82;319.89;1009.62;59.88;0;6.83;43;8.61;2.97;0
16.06.2018 23:45;0.67;54.47;0.82;319.99;1009.61;59.91;0;6.76;45;8.67;2.53;0
16.06.2018 23:50;0.67;54.64;0.83;320.09;1009.59;59.94;0;6.69;47;8.74;2.09;0
16.06.2018 23:55;0.67;54.81;0.83;320.2;1009.57;59.97;0;6.61;51;8.8;1.66;0
17.06.2018 00:00;0.67;54.99;0.84;320.3;1009.56;59.99;0;6.54;58;8.86;1.24;0
17.06.2018 00:05;0.7;54.73;0.83;320.39;1009.53;59.97;0;6.63;63;8.83;1.44;0
17.06.2018 00:10;0.72;54.46;0.82;320.47;1009.5;59.94;0;6.72;67;8.81;1.65;0
17.06.2018 00:15;0.75;54.2;0.81;320.56;1009.47;59.91;0;6.81;70;8.78;1.87;0
17.06.2018 00:20;0.78;53.93;0.81;320.64;1009.44;59.88;0;6.9;72;8.75;2.08;0
17.06.2018 00:25;0.8;53.67;0.8;320.73;1009.41;59.85;0;6.98;74;8.72;2.31;0
17.06.2018 00:30;0.83;53.4;0.79;320.81;1009.38;59.82;0;7.07;76;8.69;2.53;0
17.06.2018 00:35;0.86;53.13;0.79;320.9;1009.35;59.79;0;7.16;77;8.66;2.76;0
17.06.2018 00:40;0.89;52.85;0.78;320.98;1009.32;59.76;0;7.25;78;8.63;2.98;0
17.06.2018 00:45;0.91;52.58;0.77;321.07;1009.29;59.73;0;7.34;79;8.6;3.21;0
17.06.2018 00:50;0.94;52.3;0.76;321.15;1009.26;59.71;0;7.43;80;8.57;3.44;0
17.06.2018 00:55;0.97;52.02;0.76;321.24;1009.23;59.68;0;7.52;81;8.55;3.67;0
17.06.2018 01:00;1;51.74;0.75;321.32;1009.2;59.65;0;7.61;82;8.52;3.9;0
17.06.2018 01:05;0.97;51.84;0.76;321.39;1009.17;59.51;0;7.52;79;8.45;3.81;0
17.06.2018 01:10;0.94;51.93;0.76;321.46;1009.15;59.38;0;7.44;76;8.39;3.72;0
17.06.2018 01:15;0.92;52.02;0.77;321.52;1009.12;59.24;0;7.35;72;8.32;3.65;0
17.06.2018 01:20;0.89;52.11;0.78;321.59;1009.09;59.1;0;7.27;69;8.26;3.59;0
17.06.2018 01:25;0.86;52.2;0.78;321.66;1009.07;58.97;0;7.18;66;8.19;3.54;0
17.06.2018 01:30;0.84;52.28;0.79;321.72;1009.04;58.83;0;7.1;62;8.13;3.5;0
17.06.2018 01:35;0.81;52.37;0.79;321.79;1009.01;58.69;0;7.01;59;8.07;3.48;0
17.06.2018 01:40;0.78;52.45;0.8;321.86;1008.99;58.56;0;6.93;55;8;3.47;0
17.06.2018 01:45;0.76;52.53;0.81;321.92;1008.96;58.42;0;6.85;51;7.94;3.48;0
17.06.2018 01:50;0.73;52.61;0.81;321.99;1008.93;58.29;0;6.76;48;7.87;3.5;0
17.06.2018 01:55;0.7;52.69;0.82;322.06;1008.91;58.15;0;6.68;44;7.81;3.53;0
17.06.2018 02:00;0.68;52.76;0.83;322.12;1008.88;58.01;0;6.59;41;7.74;3.57;0
17.06.2018 02:05;0.66;52.64;0.83;322.19;1008.89;57.8;0;6.6;39;7.67;3.46;0
17.06.2018 02:10;0.65;52.52;0.83;322.25;1008.9;57.59;0;6.62;37;7.6;3.36;0
17.06.2018 02:15;0.64;52.41;0.83;322.31;1008.9;57.37;0;6.63;35;7.53;3.26;0
17.06.2018 02:20;0.63;52.29;0.84;322.37;1008.91;57.16;0;6.65;32;7.46;3.16;0
17.06.2018 02:25;0.62;52.17;0.84;322.43;1008.92;56.94;0;6.66;30;7.39;3.07;0
17.06.2018 02:30;0.61;52.05;0.84;322.49;1008.93;56.73;0;6.67;27;7.32;2.98;0
17.06.2018 02:35;0.6;51.92;0.85;322.55;1008.93;56.51;0;6.69;25;7.25;2.91;0
17.06.2018 02:40;0.59;51.8;0.85;322.61;1008.94;56.3;0;6.7;22;7.18;2.83;0
17.06.2018 02:45;0.58;51.68;0.85;322.68;1008.95;56.09;0;6.72;19;7.11;2.77;0
17.06.2018 02:50;0.56;51.56;0.85;322.74;1008.96;55.87;0;6.73;16;7.03;2.71;0
17.06.2018 02:55;0.55;51.44;0.86;322.8;1008.96;55.66;0;6.74;12;6.96;2.67;0
17.06.2018 03:00;0.54;51.31;0.86;322.86;1008.97;55.44;0;6.76;9;6.89;2.63;0
17.06.2018 03:05;0.53;51.32;0.86;323.09;1008.95;55.38;0;7.04;11;6.6;2.52;0
17.06.2018 03:10;0.51;51.32;0.86;323.31;1008.94;55.31;0;7.33;13;6.31;2.41;0
17.06.2018 03:15;0.49;51.33;0.87;323.54;1008.92;55.25;0;7.62;15;6.02;2.3;0
17.06.2018 03:20;0.48;51.49;0.88;325.16;1008.89;54.95;0;10;12;3.86;2.03;0
17.06.2018 03:25;0.46;51.34;0.87;323.99;1008.89;55.11;0;8.19;19;5.44;2.09;0
17.06.2018 03:30;0.44;51.34;0.87;324.22;1008.87;55.05;0;8.47;22;5.15;2;0
17.06.2018 03:35;0.43;51.44;0.88;325.32;1008.84;54.84;0;10;22;3.69;1.79;0
17.06.2018 03:40;0.41;51.35;0.88;324.67;1008.83;54.92;0;9.04;28;4.57;1.82;0
17.06.2018 03:45;0.39;51.35;0.88;324.9;1008.82;54.85;0;9.33;32;4.28;1.74;6
17.06.2018 03:50;0.38;51.36;0.88;325.12;1008.8;54.78;0;9.61;36;3.99;1.67;35
17.06.2018 03:55;0.36;51.36;0.88;325.35;1008.78;54.72;0;9.9;40;3.7;1.61;66
17.06.2018 04:00;0.34;51.36;0.89;325.57;1008.77;54.65;0;10;44;3.41;1.56;97
17.06.2018 04:05;0.34;51.35;0.89;325.6;1008.76;54.62;0;10;45;3.39;1.51;134
17.06.2018 04:10;0.34;51.33;0.89;325.62;1008.76;54.58;0;10;46;3.38;1.47;198
17.06.2018 04:15;0.34;51.32;0.89;325.65;1008.76;54.55;0;10;47;3.36;1.42;328
17.06.2018 04:20;0.34;51.3;0.89;325.67;1008.76;54.51;0;10;48;3.35;1.38;358
17.06.2018 04:25;0.34;51.29;0.89;325.69;1008.75;54.48;0;10;49;3.33;1.33;228
17.06.2018 04:30;0.34;51.27;0.89;325.72;1008.75;54.44;0;10;50;3.32;1.29;285
17.06.2018 04:35;0.34;51.26;0.89;325.74;1008.75;54.41;0;10;51;3.3;1.25;423
17.06.2018 04:40;0.34;51.24;0.89;325.77;1008.74;54.37;0;10;53;3.29;1.2;638
17.06.2018 04:45;0.34;51.22;0.89;325.79;1008.74;54.34;0;10;54;3.27;1.16;1249
17.06.2018 04:50;0.34;51.21;0.89;325.81;1008.74;54.3;0;10;55;3.26;1.12;2958
17.06.2018 04:55;0.34;51.19;0.89;325.84;1008.73;54.27;0;10;57;3.24;1.08;2066
17.06.2018 05:00;0.34;51.18;0.89;325.86;1008.73;54.23;0;10;59;3.23;1.04;4251
17.06.2018 05:05;0.36;51.09;0.89;325.88;1008.74;54.17;0;10;59;3.29;1.03;5959
17.06.2018 05:10;0.38;51;0.89;325.89;1008.75;54.1;0;10;59;3.35;1.03;5671
17.06.2018 05:15;0.39;50.91;0.89;325.91;1008.75;54.04;0;10;59;3.41;1.02;2492
17.06.2018 05:20;0.41;50.82;0.89;325.92;1008.76;53.97;0;10;60;3.47;1.01;3413
17.06.2018 05:25;0.43;50.74;0.89;325.94;1008.77;53.91;0;10;60;3.53;1;4997
17.06.2018 05:30;0.45;50.65;0.89;325.95;1008.77;53.84;0;10;60;3.59;1;4581
17.06.2018 05:35;0.46;50.56;0.89;325.97;1008.78;53.78;0;10;60;3.65;0.99;7020
17.06.2018 05:40;0.48;50.47;0.89;325.98;1008.79;53.72;0;10;61;3.71;0.98;7947
17.06.2018 05:45;0.5;50.38;0.89;326;1008.79;53.65;0;10;61;3.77;0.98;9673
17.06.2018 05:50;0.51;50.29;0.89;326.02;1008.8;53.59;0;9.99;61;3.83;0.97;12780
17.06.2018 05:55;0.53;50.2;0.88;326.03;1008.81;53.52;0;9.98;61;3.89;0.96;12429
17.06.2018 06:00;0.55;50.12;0.88;326.05;1008.81;53.46;0;9.97;62;3.95;0.95;12619
17.06.2018 06:05;0.54;50.23;0.88;326.07;1008.83;53.61;0;9.84;68;4.13;0.84;10231
17.06.2018 06:10;0.53;50.35;0.88;326.09;1008.84;53.77;0;9.72;76;4.32;0.75;13250
17.06.2018 06:15;0.53;50.46;0.88;326.11;1008.85;53.93;0;9.59;87;4.5;0.67;19571
17.06.2018 06:20;0.52;50.58;0.88;326.14;1008.86;54.08;0;9.47;99;4.69;0.62;17649
17.06.2018 06:25;0.51;50.69;0.88;326.16;1008.87;54.24;0;9.34;113;4.88;0.6;10276
17.06.2018 06:30;0.51;50.81;0.88;326.18;1008.88;54.4;0;9.22;127;5.06;0.62;5419
17.06.2018 06:35;0.5;50.92;0.88;326.21;1008.89;54.56;0;9.09;139;5.25;0.67;5053
17.06.2018 06:40;0.49;51.04;0.87;326.23;1008.9;54.71;0;8.96;149;5.43;0.75;6812
17.06.2018 06:45;0.49;51.15;0.87;326.25;1008.91;54.87;0;8.84;157;5.62;0.85;6817
17.06.2018 06:50;0.48;51.26;0.87;326.27;1008.92;55.03;0;8.71;163;5.81;0.96;17201
17.06.2018 06:55;0.47;51.38;0.87;326.3;1008.94;55.18;0;8.59;168;5.99;1.08;22073
17.06.2018 07:00;0.47;51.49;0.87;326.32;1008.95;55.34;1;8.46;172;6.18;1.2;24755
17.06.2018 07:05;0.47;51.64;0.86;326.33;1008.96;55.63;1;8.57;176;6.44;1.14;21009
17.06.2018 07:10;0.48;51.78;0.86;326.34;1008.98;55.92;1;8.68;180;6.7;1.07;10807
17.06.2018 07:15;0.48;51.92;0.86;326.35;1008.99;56.2;1;8.79;185;6.96;1.02;22506
17.06.2018 07:20;0.49;52.06;0.85;326.36;1009.01;56.49;1;8.9;190;7.22;0.97;28100
17.06.2018 07:25;0.49;52.2;0.85;326.37;1009.02;56.78;1;9.01;196;7.48;0.93;15516
17.06.2018 07:30;0.5;52.34;0.84;326.38;1009.04;57.06;1;9.12;202;7.74;0.9;23078
17.06.2018 07:35;0.5;52.47;0.84;326.4;1009.05;57.35;1;9.23;208;8.01;0.89;14079
17.06.2018 07:40;0.51;52.61;0.83;326.41;1009.07;57.64;1;9.34;215;8.27;0.88;25571
17.06.2018 07:45;0.51;52.75;0.83;326.42;1009.09;57.92;1;9.45;222;8.53;0.88;15557
17.06.2018 07:50;0.52;52.88;0.82;326.43;1009.1;58.21;1;9.56;228;8.79;0.9;24166
17.06.2018 07:55;0.52;53.01;0.82;326.44;1009.12;58.5;1;9.66;234;9.05;0.93;33423
17.06.2018 08:00;0.53;53.15;0.82;326.45;1009.13;58.78;1;9.77;240;9.31;0.97;19833
17.06.2018 08:05;0.52;53.2;0.81;326.2;1009.13;59.11;1;9.77;244;9.54;0.98;26710
17.06.2018 08:10;0.51;53.26;0.8;325.95;1009.12;59.43;1;9.77;247;9.77;0.99;21543
17.06.2018 08:15;0.5;53.31;0.79;325.7;1009.12;59.75;1;9.77;251;10;1.01;28495
17.06.2018 08:20;0.49;53.36;0.78;325.45;1009.11;60.08;1;9.76;254;10.23;1.04;29499
17.06.2018 08:25;0.48;53.41;0.78;325.2;1009.11;60.4;1;9.76;257;10.46;1.06;21059
17.06.2018 08:30;0.48;53.45;0.77;324.95;1009.1;60.72;2;9.76;260;10.69;1.09;20170
17.06.2018 08:35;0.47;53.49;0.76;324.7;1009.1;61.05;2;9.76;263;10.92;1.12;18840
17.06.2018 08:40;0.46;53.53;0.75;324.45;1009.09;61.37;2;9.75;265;11.15;1.15;19214
17.06.2018 08:45;0.45;53.56;0.75;324.2;1009.09;61.69;2;9.75;268;11.38;1.19;19959
17.06.2018 08:50;0.44;53.59;0.74;323.95;1009.08;62.02;2;9.75;270;11.61;1.23;21364
17.06.2018 08:55;0.43;53.62;0.73;323.7;1009.08;62.34;2;9.74;272;11.84;1.27;23142
17.06.2018 09:00;0.42;53.64;0.72;323.46;1009.07;62.66;2;9.74;274;12.07;1.31;24219
17.06.2018 09:05;0.42;53.57;0.72;323.42;1009.07;62.82;2;9.74;261;12.18;1.7;32867
17.06.2018 09:10;0.43;53.49;0.71;323.38;1009.07;62.98;3;9.74;253;12.28;2.14;29720
17.06.2018 09:15;0.43;53.41;0.71;323.35;1009.06;63.14;3;9.74;248;12.39;2.61;16652
17.06.2018 09:20;0.43;53.33;0.7;323.31;1009.06;63.3;3;9.74;244;12.5;3.1;14222
17.06.2018 09:25;0.43;53.24;0.69;323.27;1009.06;63.46;3;9.75;241;12.61;3.6;13197
17.06.2018 09:30;0.43;53.16;0.69;323.24;1009.05;63.62;3;9.75;239;12.72;4.1;11309
17.06.2018 09:35;0.43;53.07;0.68;323.2;1009.05;63.78;3;9.75;238;12.83;4.61;7758
17.06.2018 09:40;0.43;52.98;0.68;323.17;1009.05;63.94;3;9.75;236;12.94;5.12;5166
17.06.2018 09:45;0.44;52.88;0.67;323.13;1009.04;64.1;4;9.75;235;13.05;5.63;4748
17.06.2018 09:50;0.44;52.79;0.66;323.09;1009.04;64.26;4;9.75;235;13.16;6.15;6991
17.06.2018 09:55;0.44;52.69;0.66;323.06;1009.04;64.42;4;9.75;234;13.27;6.66;14880
17.06.2018 10:00;0.44;52.59;0.65;323.02;1009.03;64.58;4;9.75;233;13.38;7.18;36762
17.06.2018 10:05;0.44;52.57;0.65;323.01;1009;64.71;4;9.76;233;13.43;7.15;13153
17.06.2018 10:10;0.44;52.55;0.64;322.99;1008.97;64.85;4;9.76;233;13.49;7.12;34701
17.06.2018 10:15;0.44;52.53;0.64;322.98;1008.94;64.98;5;9.76;232;13.55;7.1;23450
17.06.2018 10:20;0.44;52.51;0.64;322.97;1008.91;65.12;5;9.77;232;13.61;7.07;16729
17.06.2018 10:25;0.44;52.49;0.63;322.95;1008.88;65.25;5;9.77;232;13.67;7.05;41799
17.06.2018 10:30;0.44;52.46;0.63;322.94;1008.85;65.39;5;9.77;231;13.73;7.02;51218
17.06.2018 10:35;0.44;52.44;0.63;322.92;1008.82;65.52;5;9.78;231;13.79;7;29860
17.06.2018 10:40;0.44;52.41;0.62;322.91;1008.79;65.66;6;9.78;231;13.84;6.98;9072
17.06.2018 10:45;0.44;52.39;0.62;322.89;1008.76;65.79;6;9.79;230;13.9;6.95;7621
17.06.2018 10:50;0.44;52.36;0.62;322.88;1008.73;65.93;6;9.79;230;13.96;6.93;11063
17.06.2018 10:55;0.44;52.33;0.61;322.87;1008.7;66.06;6;9.79;230;14.02;6.91;23991
17.06.2018 11:00;0.44;52.3;0.61;322.85;1008.67;66.2;6;9.8;229;14.08;6.88;40130
17.06.2018 11:05;0.44;52.21;0.6;322.84;1008.65;66.32;7;9.8;230;14.14;7.02;48655
17.06.2018 11:10;0.44;52.11;0.6;322.83;1008.62;66.45;7;9.81;231;14.2;7.16;25419
17.06.2018 11:15;0.44;52.02;0.59;322.82;1008.59;66.58;7;9.81;231;14.27;7.3;32024
17.06.2018 11:20;0.44;51.92;0.59;322.81;1008.57;66.7;7;9.81;232;14.33;7.45;23022
17.06.2018 11:25;0.44;51.82;0.59;322.8;1008.54;66.83;7;9.82;232;14.39;7.59;24815
17.06.2018 11:30;0.45;51.71;0.58;322.79;1008.51;66.96;7;9.82;233;14.45;7.73;27950
17.06.2018 11:35;0.45;51.61;0.58;322.78;1008.49;67.09;8;9.83;233;14.52;7.88;28239
17.06.2018 11:40;0.45;51.5;0.57;322.77;1008.46;67.21;8;9.83;234;14.58;8.02;24548
17.06.2018 11:45;0.45;51.39;0.57;322.76;1008.43;67.34;8;9.83;234;14.64;8.17;30126
17.06.2018 11:50;0.45;51.28;0.56;322.75;1008.41;67.47;8;9.84;235;14.7;8.31;31497
17.06.2018 11:55;0.46;51.17;0.56;322.74;1008.38;67.59;8;9.84;235;14.77;8.46;25380
17.06.2018 12:00;0.46;51.05;0.55;322.73;1008.35;67.72;8;9.85;236;14.83;8.61;45669
17.06.2018 12:05;0.47;51.05;0.55;322.74;1008.33;67.77;8;9.85;239;14.92;8.63;35445
17.06.2018 12:10;0.49;51.05;0.55;322.75;1008.3;67.83;8;9.85;242;15.02;8.68;12446
17.06.2018 12:15;0.5;51.05;0.55;322.75;1008.28;67.88;8;9.86;246;15.11;8.76;31138
17.06.2018 12:20;0.52;51.05;0.55;322.76;1008.25;67.93;8;9.86;249;15.2;8.87;39019
17.06.2018 12:25;0.53;51.05;0.55;322.77;1008.23;67.99;8;9.86;252;15.3;9;35012
17.06.2018 12:30;0.55;51.05;0.55;322.77;1008.2;68.04;8;9.87;255;15.39;9.16;23053
17.06.2018 12:35;0.56;51.05;0.54;322.78;1008.17;68.1;8;9.87;258;15.49;9.34;26768
17.06.2018 12:40;0.58;51.05;0.54;322.78;1008.15;68.15;8;9.88;261;15.58;9.55;38267
17.06.2018 12:45;0.59;51.05;0.54;322.79;1008.12;68.2;8;9.88;263;15.67;9.78;34695
17.06.2018 12:50;0.61;51.04;0.54;322.8;1008.1;68.26;8;9.88;266;15.77;10.03;34930
17.06.2018 12:55;0.62;51.04;0.54;322.8;1008.07;68.31;8;9.89;268;15.86;10.29;17109
17.06.2018 13:00;0.64;51.04;0.54;322.81;1008.05;68.36;8;9.89;271;15.95;10.58;11778
17.06.2018 13:05;0.64;51.12;0.54;322.82;1008.01;68.51;8;9.7;270;16.05;10.6;23622
17.06.2018 13:10;0.65;51.21;0.54;322.84;1007.98;68.65;8;9.5;270;16.15;10.63;23196
17.06.2018 13:15;0.66;51.29;0.54;322.85;1007.95;68.79;8;9.31;269;16.25;10.65;26967
17.06.2018 13:20;0.66;51.38;0.54;322.86;1007.91;68.94;8;9.11;269;16.34;10.67;31683
17.06.2018 13:25;0.67;51.46;0.53;322.88;1007.88;69.08;8;8.92;268;16.44;10.7;31503
17.06.2018 13:30;0.68;51.54;0.53;322.89;1007.85;69.22;7;8.72;268;16.54;10.73;21511
17.06.2018 13:35;0.69;51.62;0.53;322.9;1007.82;69.37;7;8.53;268;16.64;10.75;29160
17.06.2018 13:40;0.69;51.71;0.53;322.92;1007.78;69.51;7;8.34;267;16.73;10.78;19382
17.06.2018 13:45;0.7;51.79;0.53;322.93;1007.75;69.65;7;8.14;267;16.83;10.81;13256
17.06.2018 13:50;0.71;51.87;0.53;322.94;1007.72;69.8;7;7.95;266;16.93;10.84;14391
17.06.2018 13:55;0.71;51.96;0.53;322.96;1007.68;69.94;7;7.75;266;17.03;10.87;15600
17.06.2018 14:00;0.72;52.04;0.53;322.97;1007.65;70.08;7;7.56;265;17.12;10.89;18992
17.06.2018 14:05;0.72;52.07;0.53;323.06;1007.63;70.11;6;7.54;263;17.02;10.7;21760
17.06.2018 14:10;0.72;52.04;0.53;323.01;1007.6;70.22;6;7.96;260;17.25;10.53;24061
17.06.2018 14:15;0.72;52.04;0.52;323.02;1007.58;70.28;6;8.16;257;17.31;10.38;19154
17.06.2018 14:20;0.71;52.04;0.52;323.04;1007.55;70.35;6;8.36;255;17.37;10.25;12087
17.06.2018 14:25;0.71;52.04;0.52;323.06;1007.53;70.42;6;8.56;252;17.43;10.15;15042
17.06.2018 14:30;0.71;52.04;0.52;323.08;1007.5;70.49;6;8.76;249;17.49;10.08;23559
17.06.2018 14:35;0.71;52.04;0.52;323.1;1007.48;70.55;6;8.96;246;17.56;10.03;24191
17.06.2018 14:40;0.71;52.04;0.52;323.11;1007.45;70.62;5;9.16;243;17.62;10.01;21417
17.06.2018 14:45;0.71;52.35;0.53;323.8;1007.49;70.36;5;7.42;241;16.22;9.92;19963
17.06.2018 14:50;0.7;52.04;0.52;323.15;1007.4;70.75;5;9.56;237;17.74;10.05;18832
17.06.2018 14:55;0.7;52.04;0.51;323.17;1007.38;70.82;5;9.77;234;17.8;10.11;17532
17.06.2018 15:00;0.7;52.04;0.51;323.18;1007.35;70.89;5;9.97;231;17.87;10.2;16538
17.06.2018 15:05;0.7;51.92;0.51;323.26;1007.34;70.88;5;9.77;230;17.7;10.27;14982
17.06.2018 15:10;0.7;51.8;0.51;323.33;1007.32;70.87;4;9.57;228;17.54;10.35;13494
17.06.2018 15:15;0.7;51.68;0.51;323.41;1007.3;70.86;4;9.37;227;17.37;10.44;8705
17.06.2018 15:20;0.7;51.56;0.51;323.48;1007.28;70.85;4;9.17;226;17.21;10.54;12156
17.06.2018 15:25;0.69;51.44;0.5;323.56;1007.27;70.84;4;8.98;224;17.05;10.64;8182
17.06.2018 15:30;0.69;51.32;0.5;323.63;1007.25;70.83;4;8.78;223;16.88;10.75;4870
17.06.2018 15:35;0.69;51.2;0.5;323.71;1007.23;70.82;4;8.58;222;16.72;10.86;6130
17.06.2018 15:40;0.69;51.08;0.5;323.78;1007.21;70.81;3;8.38;220;16.55;10.98;12103
17.06.2018 15:45;0.69;50.96;0.49;323.86;1007.2;70.8;3;8.18;219;16.39;11.1;10245
17.06.2018 15:50;0.69;50.84;0.49;323.93;1007.18;70.79;3;7.98;218;16.23;11.23;8129
17.06.2018 15:55;0.69;50.71;0.49;324.01;1007.16;70.79;3;7.79;217;16.06;11.36;5989
17.06.2018 16:00;0.69;50.59;0.49;324.08;1007.14;70.78;3;7.59;216;15.9;11.5;8282
17.06.2018 16:05;0.67;50.71;0.49;324.07;1007.12;70.77;3;7.64;219;15.88;10.65;6046
17.06.2018 16:10;0.65;50.83;0.49;324.06;1007.1;70.77;3;7.69;224;15.86;9.85;2617
17.06.2018 16:15;0.64;50.94;0.5;324.05;1007.08;70.77;3;7.75;229;15.85;9.13;1859
17.06.2018 16:20;0.62;51.06;0.5;324.04;1007.06;70.76;2;7.8;235;15.83;8.5;1836
17.06.2018 16:25;0.61;51.18;0.5;324.03;1007.04;70.76;2;7.85;242;15.81;7.98;1740
17.06.2018 16:30;0.59;51.29;0.5;324.02;1007.02;70.76;2;7.9;250;15.8;7.59;1082
17.06.2018 16:35;0.57;51.41;0.5;324.01;1007;70.75;2;7.96;259;15.78;7.35;895
17.06.2018 16:40;0.56;51.52;0.51;324;1006.97;70.75;2;8.01;267;15.76;7.29;845
17.06.2018 16:45;0.54;51.64;0.51;323.99;1006.95;70.75;2;8.06;276;15.75;7.4;673
17.06.2018 16:50;0.53;51.75;0.51;323.98;1006.93;70.74;2;8.11;285;15.73;7.68;477
17.06.2018 16:55;0.51;51.86;0.51;323.97;1006.91;70.74;2;8.17;292;15.71;8.1;365
17.06.2018 17:00;0.5;51.98;0.52;323.96;1006.89;70.74;2;8.22;299;15.69;8.66;307
17.06.2018 17:05;0.5;51.83;0.51;323.93;1006.88;70.66;2;8.25;296;15.65;8.65;272
17.06.2018 17:10;0.5;51.68;0.51;323.89;1006.87;70.59;2;8.29;293;15.61;8.66;303
17.06.2018 17:15;0.5;51.53;0.51;323.85;1006.87;70.52;1;8.33;291;15.57;8.69;154
17.06.2018 17:20;0.5;51.38;0.51;323.82;1006.86;70.44;1;8.36;288;15.52;8.74;25
17.06.2018 17:25;0.5;51.24;0.51;323.78;1006.85;70.37;1;8.4;285;15.48;8.8;3
17.06.2018 17:30;0.5;51.09;0.51;323.75;1006.84;70.3;1;8.44;283;15.44;8.89;0
17.06.2018 17:35;0.51;50.94;0.5;323.71;1006.84;70.22;1;8.47;280;15.4;8.99;0
17.06.2018 17:40;0.51;50.79;0.5;323.67;1006.83;70.15;1;8.51;278;15.35;9.12;0
17.06.2018 17:45;0.51;50.64;0.5;323.64;1006.82;70.08;1;8.55;275;15.31;9.25;0
17.06.2018 17:50;0.51;50.49;0.5;323.6;1006.82;70;1;8.58;273;15.27;9.41;0
17.06.2018 17:55;0.51;50.35;0.5;323.56;1006.81;69.93;1;8.62;271;15.23;9.58;0
17.06.2018 18:00;0.51;50.2;0.5;323.53;1006.8;69.86;1;8.66;269;15.18;9.76;0
17.06.2018 18:05;0.51;50.3;0.5;323.46;1006.83;69.71;1;8.65;270;15.12;9.52;0
17.06.2018 18:10;0.5;50.4;0.51;323.39;1006.87;69.56;1;8.65;271;15.05;9.28;0
17.06.2018 18:15;0.49;50.49;0.51;323.32;1006.9;69.41;1;8.64;272;14.98;9.05;0
17.06.2018 18:20;0.49;50.59;0.51;323.25;1006.93;69.26;1;8.64;274;14.92;8.82;0
17.06.2018 18:25;0.48;50.68;0.52;323.18;1006.96;69.11;1;8.63;275;14.85;8.6;0
17.06.2018 18:30;0.47;50.77;0.52;323.12;1007;68.96;1;8.63;276;14.78;8.38;0
17.06.2018 18:35;0.47;50.86;0.53;323.05;1007.03;68.81;1;8.62;278;14.72;8.17;0
17.06.2018 18:40;0.46;50.95;0.53;322.98;1007.06;68.67;1;8.62;280;14.65;7.96;0
17.06.2018 18:45;0.45;51.03;0.54;322.91;1007.09;68.52;0;8.61;281;14.58;7.77;0
17.06.2018 18:50;0.45;51.12;0.54;322.84;1007.13;68.37;0;8.6;283;14.52;7.57;0
17.06.2018 18:55;0.44;51.2;0.55;322.77;1007.16;68.22;0;8.6;285;14.45;7.39;0
17.06.2018 19:00;0.43;51.28;0.55;322.7;1007.19;68.07;0;8.59;287;14.38;7.22;0
17.06.2018 19:05;0.43;51.37;0.55;322.62;1007.24;67.98;0;8.57;287;14.29;6.98;0
17.06.2018 19:10;0.43;51.45;0.56;322.53;1007.29;67.88;0;8.55;287;14.2;6.73;0
17.06.2018 19:15;0.43;51.54;0.56;322.44;1007.33;67.79;0;8.53;287;14.1;6.49;0
17.06.2018 19:20;0.43;51.63;0.56;322.35;1007.38;67.7;0;8.51;288;14.01;6.25;0
17.06.2018 19:25;0.42;51.71;0.57;322.27;1007.43;67.6;0;8.49;288;13.92;6.01;0
17.06.2018 19:30;0.42;51.79;0.57;322.18;1007.48;67.51;0;8.47;288;13.82;5.77;0
17.06.2018 19:35;0.42;51.87;0.57;322.09;1007.52;67.42;0;8.44;288;13.73;5.53;0
17.06.2018 19:40;0.42;51.96;0.58;322;1007.57;67.32;0;8.42;288;13.63;5.29;0
17.06.2018 19:45;0.42;52.04;0.58;321.92;1007.62;67.23;0;8.4;289;13.54;5.04;0
17.06.2018 19:50;0.42;52.12;0.59;321.83;1007.67;67.14;0;8.38;289;13.45;4.8;0
17.06.2018 19:55;0.41;52.19;0.59;321.74;1007.71;67.04;0;8.36;289;13.35;4.56;0
17.06.2018 20:00;0.41;52.27;0.59;321.65;1007.76;66.95;0;8.34;290;13.26;4.32;0
17.06.2018 20:05;0.41;52.34;0.6;322.43;1007.81;66.71;0;8.43;289;13.02;4.33;0
17.06.2018 20:10;0.41;52.41;0.61;323.2;1007.86;66.46;0;8.53;288;12.77;4.33;0
17.06.2018 20:15;0.41;52.47;0.61;323.98;1007.9;66.22;0;8.62;288;12.53;4.34;0
17.06.2018 20:20;0.41;52.53;0.62;324.76;1007.95;65.98;0;8.72;287;12.29;4.34;0
17.06.2018 20:25;0.41;52.59;0.63;325.53;1008;65.74;0;8.81;287;12.04;4.35;0
17.06.2018 20:30;0.4;52.65;0.63;326.31;1008.05;65.49;0;8.91;286;11.8;4.36;0
17.06.2018 20:35;0.4;52.7;0.64;327.08;1008.09;65.25;0;9;285;11.56;4.36;0
17.06.2018 20:40;0.4;52.74;0.65;327.86;1008.14;65.01;0;9.1;285;11.31;4.37;0
17.06.2018 20:45;0.4;52.79;0.65;328.64;1008.19;64.77;0;9.19;284;11.07;4.38;0
17.06.2018 20:50;0.4;52.83;0.66;329.41;1008.24;64.52;0;9.28;284;10.83;4.39;0
17.06.2018 20:55;0.4;52.87;0.66;330.19;1008.28;64.28;0;9.38;283;10.58;4.4;0
17.06.2018 21:00;0.4;52.91;0.67;330.96;1008.33;64.04;0;9.47;283;10.34;4.41;0
17.06.2018 21:05;0.39;52.89;0.67;330.94;1008.36;63.98;0;9.48;282;10.18;4.47;0
17.06.2018 21:10;0.39;52.88;0.67;330.91;1008.38;63.92;0;9.49;281;10.02;4.53;0
17.06.2018 21:15;0.39;52.86;0.67;330.88;1008.4;63.85;0;9.49;281;9.86;4.6;0
17.06.2018 21:20;0.39;52.85;0.68;330.85;1008.42;63.79;0;9.5;280;9.7;4.66;0
17.06.2018 21:25;0.39;52.83;0.68;330.82;1008.45;63.73;0;9.5;280;9.54;4.73;0
17.06.2018 21:30;0.38;52.82;0.68;330.79;1008.47;63.67;0;9.51;279;9.38;4.79;0
17.06.2018 21:35;0.38;52.81;0.68;330.76;1008.49;63.61;0;9.52;279;9.22;4.86;0
17.06.2018 21:40;0.38;52.79;0.68;330.73;1008.52;63.55;0;9.52;278;9.06;4.92;0
17.06.2018 21:45;0.38;52.78;0.68;330.7;1008.54;63.49;0;9.53;278;8.89;4.99;0
17.06.2018 21:50;0.38;52.76;0.68;330.68;1008.56;63.43;0;9.53;277;8.73;5.05;0
17.06.2018 21:55;0.38;52.75;0.68;330.65;1008.59;63.37;0;9.54;277;8.57;5.12;0
17.06.2018 22:00;0.37;52.73;0.68;330.62;1008.61;63.31;0;9.55;276;8.41;5.19;0
17.06.2018 22:05;0.37;52.81;0.69;330.49;1008.63;63.17;0;9.54;275;8.25;5;0
17.06.2018 22:10;0.37;52.89;0.7;330.36;1008.64;63.03;0;9.54;273;8.08;4.81;0
17.06.2018 22:15;0.37;52.97;0.7;330.23;1008.66;62.89;0;9.54;271;7.92;4.63;0
17.06.2018 22:20;0.37;53.04;0.71;330.1;1008.67;62.75;0;9.54;268;7.75;4.46;0
17.06.2018 22:25;0.37;53.12;0.71;329.98;1008.69;62.61;0;9.54;266;7.58;4.3;0
17.06.2018 22:30;0.37;53.19;0.72;329.85;1008.71;62.47;0;9.54;263;7.42;4.14;0
17.06.2018 22:35;0.37;53.26;0.72;329.72;1008.72;62.33;0;9.54;260;7.25;3.99;0
17.06.2018 22:40;0.37;53.33;0.73;329.59;1008.74;62.2;0;9.53;257;7.09;3.86;0
17.06.2018 22:45;0.37;53.39;0.73;329.46;1008.76;62.06;0;9.53;254;6.92;3.73;0
17.06.2018 22:50;0.37;53.46;0.74;329.33;1008.77;61.92;0;9.53;251;6.76;3.62;0
17.06.2018 22:55;0.37;53.52;0.74;329.21;1008.79;61.78;0;9.53;247;6.59;3.52;0
17.06.2018 23:00;0.37;53.59;0.75;329.08;1008.8;61.64;0;9.53;243;6.42;3.44;0
17.06.2018 23:05;0.36;53.49;0.75;328.94;1008.8;61.59;0;9.53;247;6.3;3.19;0
17.06.2018 23:10;0.36;53.39;0.75;328.81;1008.8;61.55;0;9.53;251;6.18;2.97;0
17.06.2018 23:15;0.35;53.29;0.74;328.67;1008.8;61.5;0;9.53;257;6.06;2.76;0
17.06.2018 23:20;0.35;53.19;0.74;328.53;1008.8;61.46;0;9.53;263;5.94;2.58;0
17.06.2018 23:25;0.34;53.09;0.74;328.4;1008.8;61.41;0;9.53;269;5.82;2.43;0
17.06.2018 23:30;0.34;52.99;0.74;328.26;1008.8;61.37;0;9.54;277;5.69;2.32;0
17.06.2018 23:35;0.33;52.89;0.74;328.12;1008.8;61.32;0;9.54;285;5.57;2.25;0
17.06.2018 23:40;0.33;52.79;0.74;327.99;1008.8;61.27;0;9.54;294;5.45;2.24;0
17.06.2018 23:45;0.32;52.68;0.73;327.85;1008.8;61.23;0;9.54;302;5.33;2.27;0
17.06.2018 23:50;0.32;52.58;0.73;327.72;1008.8;61.18;0;9.54;310;5.21;2.34;0
17.06.2018 23:55;0.32;52.48;0.73;327.58;1008.79;61.14;0;9.54;317;5.08;2.46;0
18.06.2018 00:00;0.31;52.38;0.73;327.44;1008.79;61.09;0;9.54;324;4.96;2.62;0
18.06.2018 00:05;0.31;52.37;0.73;327.31;1008.78;61.05;0;9.55;319;4.91;2.59;0
18.06.2018 00:10;0.31;52.35;0.73;327.17;1008.77;61;0;9.57;315;4.86;2.57;0
18.06.2018 00:15;0.31;52.34;0.73;327.03;1008.76;60.96;0;9.58;310;4.81;2.58;0
18.06.2018 00:20;0.31;52.33;0.73;326.9;1008.74;60.91;0;9.59;305;4.76;2.6;0
18.06.2018 00:25;0.3;52.31;0.73;326.76;1008.73;60.86;0;9.6;300;4.71;2.64;0
18.06.2018 00:30;0.3;52.3;0.74;326.62;1008.72;60.82;0;9.61;296;4.66;2.69;0
18.06.2018 00:35;0.3;52.28;0.74;326.48;1008.71;60.77;0;9.62;292;4.61;2.76;0
18.06.2018 00:40;0.3;52.27;0.74;326.35;1008.69;60.73;0;9.63;288;4.56;2.85;0
18.06.2018 00:45;0.3;52.25;0.74;326.21;1008.68;60.68;0;9.64;284;4.51;2.95;0
18.06.2018 00:50;0.3;52.24;0.74;326.07;1008.67;60.64;0;9.65;280;4.46;3.06;0
18.06.2018 00:55;0.3;52.23;0.74;325.94;1008.66;60.59;0;9.67;277;4.41;3.18;0
18.06.2018 01:00;0.29;52.21;0.74;325.8;1008.64;60.55;0;9.68;274;4.36;3.31;0
18.06.2018 01:05;0.29;52.2;0.74;325.66;1008.65;60.42;0;9.69;276;4.36;3.23;0
18.06.2018 01:10;0.29;52.19;0.75;325.51;1008.65;60.29;0;9.7;279;4.35;3.15;0
18.06.2018 01:15;0.29;52.18;0.75;325.37;1008.65;60.17;0;9.72;281;4.34;3.08;0
18.06.2018 01:20;0.29;52.16;0.75;325.23;1008.65;60.04;0;9.73;284;4.33;3.02;0
18.06.2018 01:25;0.29;52.15;0.76;325.08;1008.66;59.91;0;9.74;287;4.33;2.96;0
18.06.2018 01:30;0.29;52.14;0.76;324.94;1008.66;59.79;0;9.75;290;4.32;2.91;0
18.06.2018 01:35;0.3;52.12;0.76;324.79;1008.66;59.66;0;9.77;293;4.31;2.87;0
18.06.2018 01:40;0.3;52.11;0.76;324.65;1008.67;59.53;0;9.78;296;4.31;2.83;0
18.06.2018 01:45;0.3;52.09;0.77;324.51;1008.67;59.41;0;9.79;299;4.3;2.8;0
18.06.2018 01:50;0.3;52.08;0.77;324.36;1008.67;59.28;0;9.81;302;4.29;2.79;0
18.06.2018 01:55;0.3;52.06;0.77;324.22;1008.67;59.15;0;9.82;305;4.29;2.77;0
18.06.2018 02:00;0.3;52.04;0.78;324.07;1008.68;59.03;0;9.83;308;4.28;2.77;0
18.06.2018 02:05;0.3;52.08;0.78;323.96;1008.64;59.07;0;9.84;305;4.2;2.66;0
18.06.2018 02:10;0.3;52.12;0.78;323.85;1008.6;59.11;0;9.85;302;4.11;2.56;0
18.06.2018 02:15;0.31;52.16;0.78;323.74;1008.56;59.15;0;9.86;299;4.03;2.46;0
18.06.2018 02:20;0.31;52.2;0.78;323.63;1008.52;59.19;0;9.87;295;3.94;2.37;0
18.06.2018 02:25;0.31;52.24;0.78;323.52;1008.49;59.23;0;9.88;291;3.86;2.29;0
18.06.2018 02:30;0.32;52.28;0.78;323.41;1008.45;59.27;0;9.88;287;3.78;2.23;0
18.06.2018 02:35;0.32;52.32;0.78;323.3;1008.41;59.32;0;9.89;282;3.69;2.18;0
18.06.2018 02:40;0.32;52.35;0.78;323.19;1008.37;59.36;0;9.9;278;3.61;2.14;0
18.06.2018 02:45;0.33;52.39;0.78;323.08;1008.33;59.4;0;9.91;273;3.52;2.11;0
18.06.2018 02:50;0.33;52.43;0.78;322.97;1008.3;59.44;0;9.92;268;3.44;2.1;0
18.06.2018 02:55;0.33;52.47;0.78;322.86;1008.26;59.48;0;9.93;263;3.35;2.11;0
18.06.2018 03:00;0.34;52.51;0.78;322.75;1008.22;59.52;0;9.93;259;3.27;2.13;0
18.06.2018 03:05;0.34;52.41;0.77;322.68;1008.23;59.47;0;9.94;264;3.34;2.22;0
18.06.2018 03:10;0.33;52.3;0.77;322.62;1008.24;59.41;0;9.94;268;3.41;2.33;0
18.06.2018 03:15;0.33;52.2;0.77;322.55;1008.25;59.35;0;9.94;273;3.48;2.45;0
18.06.2018 03:20;0.33;52.1;0.77;322.48;1008.25;59.3;0;9.94;276;3.54;2.59;0
18.06.2018 03:25;0.33;51.99;0.77;322.42;1008.26;59.24;0;9.94;280;3.61;2.73;0
18.06.2018 03:30;0.33;51.89;0.77;322.35;1008.27;59.19;0;9.94;283;3.68;2.88;0
18.06.2018 03:35;0.33;51.78;0.77;322.28;1008.28;59.13;0;9.94;286;3.75;3.05;0
18.06.2018 03:40;0.32;51.68;0.76;322.22;1008.29;59.07;0;9.94;288;3.82;3.21;0
18.06.2018 03:45;0.32;51.58;0.76;322.15;1008.3;59.02;0;9.94;290;3.89;3.38;58
18.06.2018 03:50;0.32;51.47;0.76;322.08;1008.31;58.96;0;9.94;292;3.95;3.56;108
18.06.2018 03:55;0.32;51.37;0.76;322.02;1008.32;58.91;0;9.94;294;4.02;3.74;268
18.06.2018 04:00;0.32;51.26;0.76;321.95;1008.32;58.85;0;9.94;296;4.09;3.93;508
18.06.2018 04:05;0.32;51.24;0.76;321.92;1008.34;58.71;0;9.94;295;4.04;3.86;710
18.06.2018 04:10;0.32;51.22;0.77;321.89;1008.35;58.57;0;9.93;294;4;3.79;960
18.06.2018 04:15;0.32;51.2;0.77;321.86;1008.36;58.43;0;9.93;293;3.95;3.73;1340
18.06.2018 04:20;0.32;51.18;0.77;321.83;1008.37;58.29;0;9.93;291;3.9;3.67;1878
18.06.2018 04:25;0.32;51.15;0.78;321.8;1008.38;58.15;0;9.92;290;3.86;3.61;2509
18.06.2018 04:30;0.32;51.13;0.78;321.77;1008.39;58;0;9.92;289;3.81;3.55;3389
18.06.2018 04:35;0.32;51.1;0.78;321.73;1008.4;57.86;0;9.92;288;3.76;3.49;3964
18.06.2018 04:40;0.32;51.08;0.78;321.7;1008.41;57.72;0;9.91;287;3.72;3.44;4883
18.06.2018 04:45;0.32;51.05;0.79;321.67;1008.42;57.58;0;9.91;285;3.67;3.38;5848
18.06.2018 04:50;0.33;51.03;0.79;321.64;1008.43;57.44;0;9.91;284;3.62;3.33;6461
18.06.2018 04:55;0.33;51;0.79;321.61;1008.44;57.3;0;9.9;283;3.57;3.28;7027
18.06.2018 05:00;0.33;50.97;0.8;321.58;1008.45;57.16;0;9.9;281;3.53;3.23;7144
18.06.2018 05:05;0.32;50.88;0.8;321.57;1008.46;57.09;0;9.9;280;3.51;3.15;8659
18.06.2018 05:10;0.32;50.78;0.8;321.56;1008.47;57.02;0;9.9;280;3.49;3.08;8628
18.06.2018 05:15;0.32;50.69;0.8;321.56;1008.49;56.95;0;9.89;279;3.47;3;8185
18.06.2018 05:20;0.32;50.59;0.79;321.55;1008.5;56.88;0;9.89;278;3.45;2.92;8579
18.06.2018 05:25;0.32;50.49;0.79;321.54;1008.51;56.82;0;9.89;277;3.43;2.85;9415
18.06.2018 05:30;0.31;50.4;0.79;321.53;1008.52;56.75;0;9.89;276;3.4;2.77;9858
18.06.2018 05:35;0.31;50.3;0.79;321.52;1008.54;56.68;0;9.88;275;3.38;2.7;7575
18.06.2018 05:40;0.31;50.21;0.79;321.51;1008.55;56.61;0;9.88;274;3.36;2.62;7431
18.06.2018 05:45;0.31;50.11;0.79;321.51;1008.56;56.54;0;9.88;273;3.34;2.55;6813
18.06.2018 05:50;0.3;50.01;0.79;321.5;1008.57;56.47;0;9.88;272;3.32;2.48;7658
18.06.2018 05:55;0.3;49.92;0.79;321.49;1008.58;56.41;0;9.88;271;3.3;2.41;13482
18.06.2018 06:00;0.3;49.82;0.79;321.48;1008.6;56.34;0;9.87;270;3.28;2.34;16523
18.06.2018 06:05;0.31;49.85;0.78;321.51;1008.59;56.59;0;9.88;272;3.37;2.48;13942
18.06.2018 06:10;0.31;49.88;0.78;321.54;1008.58;56.84;0;9.88;274;3.45;2.63;8527
18.06.2018 06:15;0.32;49.91;0.77;321.57;1008.58;57.09;0;9.88;276;3.54;2.77;10556
18.06.2018 06:20;0.32;49.93;0.76;321.6;1008.57;57.34;0;9.88;277;3.62;2.92;12102
18.06.2018 06:25;0.33;49.96;0.76;321.62;1008.57;57.59;0;9.88;279;3.71;3.08;14385
18.06.2018 06:30;0.33;49.98;0.75;321.65;1008.56;57.84;0;9.89;280;3.79;3.23;9507
18.06.2018 06:35;0.34;50;0.74;321.68;1008.56;58.09;0;9.89;281;3.88;3.39;15415
18.06.2018 06:40;0.34;50.02;0.74;321.71;1008.55;58.34;0;9.89;282;3.96;3.54;21617
18.06.2018 06:45;0.35;50.03;0.73;321.74;1008.55;58.59;0;9.89;283;4.05;3.7;22224
18.06.2018 06:50;0.36;50.04;0.73;321.77;1008.54;58.84;0;9.89;284;4.13;3.86;22369
18.06.2018 06:55;0.36;50.05;0.72;321.79;1008.53;59.09;1;9.89;285;4.22;4.02;23852
18.06.2018 07:00;0.37;50.06;0.71;321.82;1008.53;59.34;1;9.9;286;4.3;4.18;26069
18.06.2018 07:05;0.35;50.11;0.71;321.88;1008.55;59.57;1;9.9;285;4.32;4.16;19402
18.06.2018 07:10;0.34;50.16;0.7;321.93;1008.57;59.8;1;9.9;285;4.35;4.14;17633
18.06.2018 07:15;0.33;50.2;0.7;321.99;1008.6;60.03;1;9.91;284;4.37;4.11;30976
18.06.2018 07:20;0.32;50.24;0.7;322.04;1008.62;60.26;1;9.91;284;4.39;4.09;25350
18.06.2018 07:25;0.3;50.29;0.69;322.1;1008.64;60.49;1;9.91;283;4.41;4.06;11286
18.06.2018 07:30;0.29;50.33;0.69;322.15;1008.66;60.72;1;9.92;283;4.44;4.04;6848
18.06.2018 07:35;0.28;50.37;0.68;322.21;1008.69;60.95;1;9.92;282;4.46;4.02;15193
18.06.2018 07:40;0.27;50.41;0.68;322.26;1008.71;61.18;1;9.92;282;4.48;4;33163
18.06.2018 07:45;0.25;50.44;0.67;322.32;1008.73;61.41;1;9.93;281;4.5;3.97;40726
18.06.2018 07:50;0.24;50.48;0.67;322.37;1008.76;61.64;1;9.93;280;4.53;3.95;22227
18.06.2018 07:55;0.23;50.51;0.66;322.42;1008.78;61.87;1;9.93;280;4.55;3.93;14437
18.06.2018 08:00;0.22;50.55;0.66;322.48;1008.8;62.1;1;9.94;279;4.57;3.91;13378
18.06.2018 08:05;0.23;50.59;0.65;322.44;1008.76;62.39;1;9.94;279;4.72;3.94;17411
18.06.2018 08:10;0.24;50.63;0.65;322.41;1008.71;62.68;1;9.94;278;4.87;3.97;13829
18.06.2018 08:15;0.26;50.67;0.64;322.38;1008.67;62.97;1;9.94;278;5.03;4;36599
18.06.2018 08:20;0.27;50.71;0.64;322.34;1008.63;63.26;2;9.95;278;5.18;4.03;42352
18.06.2018 08:25;0.29;50.74;0.63;322.31;1008.58;63.55;2;9.95;277;5.33;4.06;34413
18.06.2018 08:30;0.3;50.78;0.62;322.27;1008.54;63.84;2;9.95;277;5.48;4.09;19001
18.06.2018 08:35;0.31;50.81;0.62;322.24;1008.5;64.13;2;9.95;276;5.63;4.12;14400
18.06.2018 08:40;0.33;50.83;0.61;322.2;1008.46;64.42;2;9.96;276;5.78;4.15;12700
18.06.2018 08:45;0.34;50.86;0.61;322.17;1008.41;64.71;2;9.96;276;5.94;4.18;20071
18.06.2018 08:50;0.36;50.88;0.6;322.14;1008.37;65;2;9.96;275;6.09;4.21;32430
18.06.2018 08:55;0.37;50.9;0.6;322.1;1008.33;65.29;2;9.96;275;6.24;4.24;36250
18.06.2018 09:00;0.38;50.92;0.59;322.07;1008.28;65.58;2;9.97;274;6.39;4.28;11513
18.06.2018 09:05;0.39;50.85;0.59;322.09;1008.28;65.76;2;9.97;275;6.46;4.31;18108
18.06.2018 09:10;0.39;50.77;0.58;322.12;1008.27;65.95;3;9.97;276;6.53;4.35;13970
18.06.2018 09:15;0.39;50.7;0.58;322.14;1008.26;66.13;3;9.97;276;6.6;4.38;13134
18.06.2018 09:20;0.4;50.62;0.57;322.17;1008.25;66.32;3;9.97;277;6.67;4.42;23205
18.06.2018 09:25;0.4;50.54;0.56;322.2;1008.25;66.5;3;9.97;277;6.75;4.46;16882
18.06.2018 09:30;0.41;50.46;0.56;322.22;1008.24;66.69;3;9.97;278;6.82;4.49;39825
18.06.2018 09:35;0.41;50.38;0.55;322.25;1008.23;66.87;3;9.97;278;6.89;4.53;41226
18.06.2018 09:40;0.41;50.29;0.55;322.27;1008.23;67.06;3;9.97;279;6.96;4.57;22756
18.06.2018 09:45;0.42;50.2;0.54;322.3;1008.22;67.24;4;9.97;279;7.03;4.61;40897
18.06.2018 09:50;0.42;50.11;0.54;322.32;1008.21;67.43;4;9.97;280;7.1;4.65;35939
18.06.2018 09:55;0.42;50.01;0.53;322.35;1008.2;67.61;4;9.97;280;7.17;4.69;40578
18.06.2018 10:00;0.43;49.92;0.53;322.38;1008.2;67.8;4;9.97;281;7.24;4.73;32938
18.06.2018 10:05;0.43;49.91;0.52;322.4;1008.16;67.96;4;9.97;283;7.3;4.93;40108
18.06.2018 10:10;0.43;49.9;0.52;322.43;1008.12;68.12;4;9.97;284;7.37;5.13;42932
18.06.2018 10:15;0.44;49.89;0.52;322.46;1008.08;68.29;5;9.97;286;7.43;5.34;35294
18.06.2018 10:20;0.44;49.88;0.52;322.49;1008.04;68.45;5;9.97;287;7.49;5.55;36857
18.06.2018 10:25;0.45;49.86;0.51;322.52;1008;68.62;5;9.97;288;7.56;5.77;30042
18.06.2018 10:30;0.45;49.85;0.51;322.55;1007.96;68.78;5;9.97;289;7.62;5.98;42338
18.06.2018 10:35;0.45;49.84;0.51;322.58;1007.92;68.94;5;9.97;290;7.68;6.2;31249
18.06.2018 10:40;0.46;49.82;0.5;322.6;1007.88;69.11;6;9.97;291;7.75;6.42;44010
18.06.2018 10:45;0.46;49.8;0.5;322.63;1007.84;69.27;6;9.97;292;7.81;6.65;42847
18.06.2018 10:50;0.46;49.79;0.5;322.66;1007.8;69.43;6;9.97;293;7.87;6.87;42537
18.06.2018 10:55;0.47;49.77;0.49;322.69;1007.76;69.6;6;9.97;294;7.94;7.09;35001
18.06.2018 11:00;0.47;49.75;0.49;322.72;1007.72;69.76;6;9.97;295;8;7.32;42017
18.06.2018 11:05;0.47;49.91;0.49;322.74;1007.7;69.91;6;9.97;294;8.2;7.56;41755
18.06.2018 11:10;0.48;50.07;0.49;322.76;1007.68;70.06;7;9.97;293;8.4;7.79;42772
18.06.2018 11:15;0.48;50.23;0.49;322.78;1007.66;70.21;7;9.97;292;8.6;8.03;44446
18.06.2018 11:20;0.48;50.39;0.49;322.8;1007.64;70.37;7;9.97;291;8.8;8.27;44359
18.06.2018 11:25;0.49;50.56;0.49;322.82;1007.62;70.52;7;9.97;291;9;8.51;32004
18.06.2018 11:30;0.49;50.72;0.49;322.84;1007.6;70.67;7;9.97;290;9.2;8.76;29792
18.06.2018 11:35;0.49;50.88;0.49;322.86;1007.58;70.82;7;9.97;289;9.39;9;45564
18.06.2018 11:40;0.5;51.04;0.49;322.88;1007.56;70.97;8;9.97;289;9.59;9.25;29799
18.06.2018 11:45;0.5;51.2;0.49;322.9;1007.54;71.13;8;9.97;288;9.79;9.49;43840
18.06.2018 11:50;0.5;51.36;0.49;322.92;1007.52;71.27;8;9.97;287;9.99;9.74;21379
18.06.2018 11:55;0.51;51.53;0.49;322.94;1007.5;71.43;8;9.97;287;10.19;9.99;30214
18.06.2018 12:00;0.51;51.69;0.5;322.96;1007.48;71.58;8;9.97;286;10.39;10.24;45360
18.06.2018 12:05;0.51;51.62;0.49;322.96;1007.47;71.72;8;9.97;286;10.29;10.07;35702
18.06.2018 12:10;0.51;51.54;0.49;322.96;1007.45;71.86;8;9.97;286;10.2;9.9;28618
18.06.2018 12:15;0.51;51.47;0.48;322.97;1007.44;72;8;9.97;285;10.1;9.73;17520
18.06.2018 12:20;0.51;51.39;0.48;322.97;1007.42;72.14;8;9.97;285;10;9.57;11907
18.06.2018 12:25;0.51;51.31;0.48;322.97;1007.41;72.28;8;9.97;285;9.91;9.4;15279
18.06.2018 12:30;0.51;51.23;0.47;322.98;1007.4;72.42;8;9.97;284;9.81;9.23;21801
18.06.2018 12:35;0.51;51.15;0.47;322.98;1007.38;72.56;8;9.97;284;9.72;9.07;32156
18.06.2018 12:40;0.51;51.07;0.47;322.98;1007.37;72.7;9;9.97;283;9.62;8.9;31428
18.06.2018 12:45;0.51;50.98;0.46;322.98;1007.35;72.84;9;9.97;283;9.52;8.74;18155
18.06.2018 12:50;0.51;50.89;0.46;322.99;1007.34;72.98;9;9.97;282;9.43;8.57;14623
18.06.2018 12:55;0.52;50.81;0.46;322.99;1007.32;73.12;9;9.97;282;9.33;8.41;14216
18.06.2018 13:00;0.52;50.72;0.45;322.99;1007.31;73.26;9;9.97;281;9.23;8.25;31669
18.06.2018 13:05;0.52;50.82;0.45;322.99;1007.28;73.23;8;9.97;283;9.37;8.44;36364
18.06.2018 13:10;0.52;50.91;0.46;322.98;1007.25;73.21;8;9.97;284;9.5;8.63;18876
18.06.2018 13:15;0.53;51.01;0.46;322.97;1007.23;73.18;8;9.97;285;9.63;8.83;24971
18.06.2018 13:20;0.53;51.11;0.46;322.97;1007.2;73.16;8;9.97;286;9.76;9.03;29422
18.06.2018 13:25;0.53;51.21;0.46;322.96;1007.17;73.13;8;9.97;287;9.89;9.23;11591
18.06.2018 13:30;0.54;51.3;0.46;322.95;1007.14;73.11;8;9.97;288;10.02;9.44;33174
18.06.2018 13:35;0.54;51.4;0.47;322.95;1007.11;73.08;8;9.97;289;10.15;9.65;33609
18.06.2018 13:40;0.54;51.49;0.47;322.94;1007.09;73.06;8;9.97;290;10.29;9.87;33562
18.06.2018 13:45;0.55;51.59;0.47;322.93;1007.06;73.03;8;9.97;291;10.42;10.08;30612
18.06.2018 13:50;0.55;51.68;0.47;322.92;1007.03;73.01;8;9.97;292;10.55;10.3;8567
18.06.2018 13:55;0.55;51.78;0.47;322.92;1007;72.98;7;9.97;293;10.68;10.52;31030
18.06.2018 14:00;0.55;51.87;0.48;322.91;1006.97;72.96;7;9.97;294;10.81;10.75;30529
18.06.2018 14:05;0.55;51.8;0.47;322.94;1006.95;73.18;7;9.96;294;10.61;10.48;30417
18.06.2018 14:10;0.54;51.72;0.47;322.96;1006.92;73.46;7;9.95;294;10.42;10.22;23703
18.06.2018 14:15;0.54;51.64;0.46;322.99;1006.9;73.61;7;9.94;294;10.22;9.96;29867
18.06.2018 14:20;0.53;51.56;0.46;323.01;1006.87;73.83;7;9.93;294;10.02;9.7;29844
18.06.2018 14:25;0.52;51.48;0.45;323.04;1006.85;74.05;7;9.92;294;9.82;9.44;28459
18.06.2018 14:30;0.52;51.39;0.45;323.07;1006.82;74.27;6;9.91;294;9.62;9.18;28903
18.06.2018 14:35;0.51;51.3;0.44;323.09;1006.79;74.49;6;9.9;294;9.42;8.92;28852
18.06.2018 14:40;0.51;51.21;0.44;323.12;1006.77;74.71;6;9.89;294;9.23;8.66;20251
18.06.2018 14:45;0.5;51.11;0.43;323.14;1006.74;74.93;6;9.88;294;9.03;8.4;13961
18.06.2018 14:50;0.49;51.01;0.43;323.17;1006.72;75.15;6;9.87;294;8.83;8.14;26444
18.06.2018 14:55;0.49;50.9;0.42;323.19;1006.69;75.37;6;9.86;294;8.63;7.88;25145
18.06.2018 15:00;0.48;50.79;0.42;323.22;1006.67;75.58;5;9.85;295;8.43;7.62;24934
